* Detected CPU: Intel(R) Core(TM) i7-4510U CPU @ 2.00GHz [GenuineIntel], F6/M5/S1, 2592.00 mhz, 46-clk 'rdtsc'
* CPU features: RDTSC, MMX, SSE, SSE2, SSE3, MONITOR/MWAIT, SSSE3, SSE4.1, SSE4.2
* CPU threads: 4

Initializing File System...
using fs-ltx fsgame.ltx
FS: 48569 files cached 25 archives, 8304Kb memory used.
Init FileSystem 1.248072 sec
'xrCore' build 9466, Jan  7 2025

EH: 89034E722E45F82D0D5CF655993F436B

-----loading c:\game\x-ray multiplayer extension\game\gamedata\configs\system.ltx
-----loading c:\game\x-ray multiplayer extension\game\gamedata\configs\system.ltx
! Failed to determine on which monitor the game is launched.
! SDL: Invalid window
Starting INPUT device...
Loading DLL: xrRender_R2.dll
Loading DLL: xrRender_R3.dll
refCount:m_pAdapter 1
Loading DLL: xrRender_R4.dll
Executing config-script "user.ltx"...
[c:\game\x-ray multiplayer extension\game\_appdata_\user.ltx] successfully loaded.
Loading DLL: xrRender_R2.dll
Loading DLL: xrGame.dll
Initializing Engine...
command line "c:\game\x-ray multiplayer extension\game\bin\xrengine.exe" -addon=xrmpe_callofpripyat.addon -use_all_spawn
* [win32]: free[3942148 K], reserved[116400 K], committed[135692 K]
* [ D3D ]: textures[0 K]
* [x-ray]: crt heap[22380 K], process heap[22380 K], game lua[0 K], render[0 K]
* [x-ray]: economy: strings[11199 K], smem[0 K]
SOUND: OpenAL: enumerate devices...
SOUND: OpenAL: EnumerationExtension Present
dir[0]=C:\game\X-Ray Multiplayer Extension\game\bin\
dir[1]=C:\game\X-Ray Multiplayer Extension\game\
dir[2]=C:\game\X-Ray Multiplayer Extension\game\bin\
dir[3]=C:\Windows\system32\
CleanDeviceSpecifierList
CleanDeviceSpecifierList Generic Hardware
devices Generic Hardware
SOUND: OpenAL: system  default SndDevice name is Generic Hardware
SOUND: OpenAL: default SndDevice name set to Generic Software
SOUND: OpenAL: All available devices:
1. Generic Software, Spec Version 1.1 (default) eax[0] efx[no] xram[no]
2. Generic Software, Spec Version 1.1 (default) eax[0] efx[no] xram[no]
Executing config-script "c:\game\x-ray multiplayer extension\game\gamedata\configs\default_controls.ltx"...
[c:\game\x-ray multiplayer extension\game\gamedata\configs\default_controls.ltx] successfully loaded.
Executing config-script "user.ltx"...
Executing config-script "c:\game\x-ray multiplayer extension\game\gamedata\configs\rspec_low.ltx"...
[c:\game\x-ray multiplayer extension\game\gamedata\configs\rspec_low.ltx] successfully loaded.
Executing config-script "c:\game\x-ray multiplayer extension\game\gamedata\configs\default_controls.ltx"...
[c:\game\x-ray multiplayer extension\game\gamedata\configs\default_controls.ltx] successfully loaded.
~ Invalid syntax in call to 'r2_aa_break'
~ Valid arguments: vector3 in range [0.000000e+00,0.000000e+00,0.000000e+00]-[1.000000e+00,1.000000e+00,1.000000e+00]
~ Invalid syntax in call to 'r2_aa_weight'
~ Valid arguments: vector3 in range [0.000000e+00,0.000000e+00,0.000000e+00]-[1.000000e+00,1.000000e+00,1.000000e+00]
~ Invalid syntax in call to 'sv_adm_menu_ban_time'
~ Valid arguments: ui_mp_am_10_minutes/ui_mp_am_30_minutes/ui_mp_am_1_hour/ui_mp_am_6_hours/ui_mp_am_1_day/ui_mp_am_1_week/ui_mp_am_1_month/ui_mp_am_3_monthes/ui_mp_am_forever
[c:\game\x-ray multiplayer extension\game\_appdata_\user.ltx] successfully loaded.
SOUND: Selected device is Generic Software
* sound: EAX 2.0 extension: absent
* sound: EAX 2.0 deferred: absent
* sound : cache: 49152 kb, 3642 lines, 13820 bpl
Starting RENDER device...
* GPU [vendor:1002]-[device:6900]: AMD Radeon R7 M260
* GPU driver: 27.20.20913.2000
* CREATE: DeviceREF: 1
* Vertex Processor: PURE HARDWARE
*     Texture memory: 4088 M
*          DDI-level: 9.0
* GPU shading: vs(fffe0300/3.0/30), ps(ffff0300/3.0/30)
* GPU vertex cache: unrecognized, 16
* NVAPI is missing.
* Starting rendering as 2-GPU.
* DVB created: 6144K
* DIB created: 2048K
* NULLRT supported
* ...and used
* HWDST/PCF supported and used
compiling shader dumb
compiling shader dumb
compiling shader accum_mask
compiling shader accum_sun_mask
compiling shader copy_p
compiling shader accum_volume
compiling shader copy
compiling shader accum_sun_near
compiling shader accum_sun
compiling shader accum_sun_cascade
compiling shader accum_sun_cascade_far
compiling shader accum_omni_unshadowed
compiling shader accum_omni_normal
compiling shader accum_omni_transluent
compiling shader accum_spot_unshadowed
compiling shader accum_spot_normal
compiling shader accum_spot_fullsize
compiling shader accum_volumetric
compiling shader accum_volumetric
compiling shader accum_indirect
compiling shader bloom_build
compiling shader bloom_filter
compiling shader bloom_filter_f
compiling shader bloom_luminance_1
compiling shader bloom_luminance_2
compiling shader bloom_luminance_3
compiling shader combine_volumetric
compiling shader combine_1
compiling shader combine_1
compiling shader combine_2_AA
compiling shader combine_2_NAA
compiling shader combine_2_AA_D
compiling shader combine_2_NAA_D
compiling shader postprocess
compiling shader postprocess_CM
compiling shader final_fxaa
compiling shader final_fxaa
compiling shader distort
compiling shader particle_distort
compiling shader particle
compiling shader particle
compiling shader particle_s-blend
compiling shader particle-clip
compiling shader particle_s-add
compiling shader particle_s-aadd
compiling shader deffer_particle
compiling shader deffer_particle
- r__tf_aniso 1
- r2_tf_mipbias 0.
compiling shader portal
compiling shader portal
compiling shader font_mark
compiling shader simple_color
compiling shader editor
compiling shader sky2
compiling shader sky2
compiling shader clouds
compiling shader clouds
Starting engine...
compiling shader stub_default
compiling shader effects_sun
compiling shader hud_font
Loading DLL: xrGameSpy.dll
-- xrVoice: Initializing Vivox...
Never RTP timeout: 5000 ms. Prelogin can override this.
Lost RTP timeout: 30000 ms. Prelogin can override this.
VivoxManager init with CurrentCaptureDeviceHID: default system device
~~ DISCORD CLIENT NOT CREATED, RESULT: 4
compiling shader yuv2rgb
intro_start intro_logo
* Response resp_aux_set_capture_device returned 'Invalid Capture Device Specifier'(5036)
-- Request req_aux_get_capture_devices with cookie=(null) completed.
= req_aux_get_capture_devices:
* {0.0.1.00000000}.{65b8c568-4bab-4d89-a2e1-cf6559da355e}:Microphone (High Definition Audio Device)
* Default System Device:Default System Device
* System default device: {0.0.1.00000000}.{65b8c568-4bab-4d89-a2e1-cf6559da355e}
* Current used device: Default System Device
* Current device in user data: default system device
intro_delete ::update_logo_intro
compiling shader yuv2rgb
[lua] Game Version: 0.8.3.9
* [win32]: free[3725932 K], reserved[114088 K], committed[354220 K]
* [ D3D ]: textures[64 K]
* [x-ray]: crt heap[112074 K], process heap[112074 K], game lua[2601 K], render[267 K]
* [x-ray]: economy: strings[11230 K], smem[0 K]
vpx loading: c:\game\x-ray multiplayer extension\game\gamedata\textures\ui\menu_background_small.webm
vpx video found!
playing video...
play: buffering video...
decodingThread: running...
compiling shader font2
@ connect localhost
*  0.0 : [  56] $null
*  0.0 : [   3] $user$accum
*  0.0 : [   1] $user$accum_temp
*  0.0 : [   6] $user$albedo
*  0.0 : [   6] $user$bloom1
*  0.0 : [   2] $user$bloom2
*  0.0 : [   2] $user$cmap0
*  0.0 : [   2] $user$cmap1
*  0.0 : [   2] $user$env_s0
*  0.0 : [   2] $user$env_s1
*  0.0 : [   7] $user$generic0
*  0.0 : [   5] $user$generic1
*  0.0 : [   1] $user$generic2
*  0.0 : [   1] $user$jitter_0
*  0.0 : [   1] $user$jitter_1
*  0.0 : [   1] $user$jitter_2
*  0.0 : [   1] $user$jitter_3
*  0.0 : [   1] $user$jitter_4
*  0.0 : [   2] $user$lum_t64
*  0.0 : [   3] $user$lum_t8
*  0.0 : [   1] $user$luminance_0
*  0.0 : [   1] $user$luminance_1
*  0.0 : [   1] $user$luminance_2
*  0.0 : [   1] $user$luminance_3
*  0.0 : [   8] $user$material
*  0.0 : [  12] $user$normal
*  0.0 : [  12] $user$position
*  0.0 : [   2] $user$postprocess
*  0.0 : [   1] $user$sky0
*  0.0 : [   1] $user$sky1
*  0.0 : [   4] $user$smap_depth
*  0.0 : [   3] $user$smap_surf
*  0.0 : [   7] $user$tonemap
*  0.0 : [   2] $user$tonemap_src
*  0.0 : [   1] act\act_controller_hit1
*  0.0 : [   1] fx\fx_flare1
*  0.0 : [   1] fx\fx_flare2
*  0.0 : [   1] fx\fx_flare3
*  0.0 : [   1] fx\fx_gradient
*  0.0 : [   1] fx\fx_gradient1
*  0.0 : [   1] fx\fx_lightning
*  0.0 : [   1] fx\fx_noise
*  0.0 : [   2] fx\fx_noise2
*  0.0 : [   1] fx\fx_rain
*  0.0 : [   1] fx\fx_rainsplash1
*  0.0 : [   1] fx\fx_snow
*  0.0 : [   1] fx\fx_sun
*  0.0 : [   1] fx\fx_sun_fog
*  0.0 : [   1] fx\fx_sun_halo
*  0.0 : [   1] fx\fx_sun_rise
*  0.0 : [   1] fx\fx_thunderbolts_gradient
*  0.0 : [   1] fx\fx_thunderbolts_gradient_surge
*  0.0 : [   1] fx\fx_volumefog1
*  0.0 : [   1] glow\glow_04
*  0.0 : [   1] glow\glow_fire1
*  0.0 : [   1] glow\glow_orange
*  0.0 : [   1] glow\glow_orange2
*  0.0 : [   1] glow\glow_orange_bright
*  0.0 : [   1] glow\glow_white
*  0.0 : [   1] intro\intro_default
*  0.0 : [   4] lights\lights_spot01
*  0.0 : [   1] pfx\pfx_ani-explosion-02
*  0.0 : [   1] pfx\pfx_ani-explosion-02-b-a
*  0.0 : [   1] pfx\pfx_ani-explosion-02a
*  0.0 : [   1] pfx\pfx_ani-fire01
*  0.0 : [   1] pfx\pfx_ani-smoke-01
*  0.0 : [   1] pfx\pfx_anomaly_1
*  0.0 : [   1] pfx\pfx_anomaly_10
*  0.0 : [   1] pfx\pfx_anomaly_16
*  0.0 : [   1] pfx\pfx_anomaly_18
*  0.0 : [   1] pfx\pfx_anomaly_19
*  0.0 : [   1] pfx\pfx_anomaly_2
*  0.0 : [   1] pfx\pfx_anomaly_21
*  0.0 : [   1] pfx\pfx_anomaly_23
*  0.0 : [   1] pfx\pfx_anomaly_2_green
*  0.0 : [   1] pfx\pfx_anomaly_3
*  0.0 : [   1] pfx\pfx_anomaly_4
*  0.0 : [   1] pfx\pfx_anomaly_5
*  0.0 : [   1] pfx\pfx_anomaly_6
*  0.0 : [   1] pfx\pfx_anomaly_7
*  0.0 : [   1] pfx\pfx_anomaly_8
*  0.0 : [   1] pfx\pfx_anomaly_88
*  0.0 : [   1] pfx\pfx_anomaly_9
*  0.0 : [   1] pfx\pfx_bloodsplash1
*  0.0 : [   1] pfx\pfx_bloodsplash2
*  0.0 : [   1] pfx\pfx_blurry_cloud
*  0.0 : [   1] pfx\pfx_brick
*  0.0 : [   1] pfx\pfx_bubble
*  0.0 : [   1] pfx\pfx_bubble_1
*  0.0 : [   1] pfx\pfx_bubble_water
*  0.0 : [   1] pfx\pfx_concretedebris_01
*  0.0 : [   1] pfx\pfx_concretepuffs_01
*  0.0 : [   1] pfx\pfx_dist2
*  0.0 : [   1] pfx\pfx_dist2inv
*  0.0 : [   1] pfx\pfx_dist3
*  0.0 : [   1] pfx\pfx_dist4
*  0.0 : [   1] pfx\pfx_dist7
*  0.0 : [   1] pfx\pfx_dist8
*  0.0 : [   1] pfx\pfx_dist9
*  0.0 : [   1] pfx\pfx_dist_teleport
*  0.0 : [   1] pfx\pfx_distort_anomaly
*  0.0 : [   1] pfx\pfx_distortion
*  0.0 : [   1] pfx\pfx_explotions_2
*  0.0 : [   1] pfx\pfx_explotions_3
*  0.0 : [   1] pfx\pfx_explotions_4
*  0.0 : [   1] pfx\pfx_explotions_smoke
*  0.0 : [   1] pfx\pfx_flame
*  0.0 : [   1] pfx\pfx_flame_01
*  0.0 : [   1] pfx\pfx_flamefx_01
*  0.0 : [   1] pfx\pfx_flash_01
*  0.0 : [   1] pfx\pfx_flash_05
*  0.0 : [   1] pfx\pfx_flash_07
*  0.0 : [   1] pfx\pfx_gologramma
*  0.0 : [   1] pfx\pfx_gradient
*  0.0 : [   1] pfx\pfx_gradient1
*  0.0 : [   1] pfx\pfx_leaves_01
*  0.0 : [   1] pfx\pfx_leaves_02
*  0.0 : [   1] pfx\pfx_light1
*  0.0 : [   1] pfx\pfx_light3
*  0.0 : [   1] pfx\pfx_light4
*  0.0 : [   1] pfx\pfx_lighting_stancia_01
*  0.0 : [   1] pfx\pfx_lighting_stancia_02
*  0.0 : [   1] pfx\pfx_lightning_01
*  0.0 : [   1] pfx\pfx_lightning_02
*  0.0 : [   1] pfx\pfx_ligth_6
*  0.0 : [   1] pfx\pfx_plasma
*  0.0 : [   1] pfx\pfx_shells1
*  0.0 : [   1] pfx\pfx_shells2
*  0.0 : [   1] pfx\pfx_skinsplash1
*  0.0 : [   1] pfx\pfx_smoke_a
*  0.0 : [   1] pfx\pfx_smoke_b
*  0.0 : [   1] pfx\pfx_smokepuffs1
*  0.0 : [   1] pfx\pfx_smokepuffs2
*  0.0 : [   1] pfx\pfx_spark_01
*  0.0 : [   1] pfx\pfx_sparks
*  0.0 : [   1] pfx\pfx_specks
*  0.0 : [   1] pfx\pfx_specks_poison
*  0.0 : [   1] pfx\pfx_spikey_star
*  0.0 : [   1] pfx\pfx_splash3
*  0.0 : [   1] pfx\pfx_splash_01
*  0.0 : [   1] pfx\pfx_splash_02
*  0.0 : [   1] pfx\pfx_step_blood
*  0.0 : [   1] pfx\pfx_stonedebris1
*  0.0 : [   1] pfx\pfx_stonedebris2
*  0.0 : [   1] pfx\pfx_synus
*  0.0 : [   1] pfx\pfx_teleport
*  0.0 : [   1] pfx\pfx_test_textures
*  0.0 : [   1] pfx\pfx_vehglassdebris_01
*  0.0 : [   1] pfx\pfx_vehmetaldebris_01
*  0.0 : [   1] pfx\pfx_water_wave
*  0.0 : [   1] pfx\pfx_woodchips1
*  0.0 : [   1] pfx\pfx_woodchips3
*  0.0 : [   1] prop\prop_fake_bed_fireplace
*  0.0 : [   1] prop\prop_provod_02
*  0.0 : [   1] sky\af3_foggy\06-00
*  0.0 : [   1] sky\af3_foggy\06-00#small
*  0.0 : [   1] sky\af3_foggy\07-00
*  0.0 : [   1] sky\af3_foggy\07-00#small
*  0.0 : [   3] sky\af3_foggy\09-00
*  0.0 : [   3] sky\af3_foggy\09-00#small
*  0.0 : [   7] sky\af3_foggy\10-00
*  0.0 : [   7] sky\af3_foggy\10-00#small
*  0.0 : [   2] sky\af3_foggy\11-00
*  0.0 : [   2] sky\af3_foggy\11-00#small
*  0.0 : [   2] sky\af3_foggy\12-00
*  0.0 : [   2] sky\af3_foggy\12-00#small
*  0.0 : [   8] sky\af3_foggy\13-00
*  0.0 : [   8] sky\af3_foggy\13-00#small
*  0.0 : [   2] sky\af3_foggy\14-00
*  0.0 : [   2] sky\af3_foggy\14-00#small
*  0.0 : [   3] sky\af3_foggy\15-00
*  0.0 : [   3] sky\af3_foggy\15-00#small
*  0.0 : [   2] sky\af3_foggy\16-00
*  0.0 : [   2] sky\af3_foggy\16-00#small
*  0.0 : [   2] sky\af3_foggy\17-00
*  0.0 : [   2] sky\af3_foggy\17-00#small
*  0.0 : [   6] sky\af3_foggy\18-00
*  0.0 : [   6] sky\af3_foggy\18-00#small
*  0.0 : [   2] sky\af3_foggy\19-00
*  0.0 : [   2] sky\af3_foggy\19-00#small
*  0.0 : [   2] sky\af3_foggy\20-00
*  0.0 : [   2] sky\af3_foggy\20-00#small
*  0.0 : [   5] sky\sky_12_vibros_cube
*  0.0 : [   5] sky\sky_12_vibros_cube#small
*  0.0 : [  27] sky\sky_13_cube
*  0.0 : [  27] sky\sky_13_cube#small
*  0.0 : [  18] sky\sky_13_cube_night
*  0.0 : [  18] sky\sky_13_cube_night#small
*  0.0 : [  12] sky\sky_13_vibros_cube
*  0.0 : [  12] sky\sky_13_vibros_cube#small
*  0.0 : [  11] sky\sky_14_cube
*  0.0 : [  11] sky\sky_14_cube#small
*  0.0 : [   4] sky\sky_17_clouds_cube
*  0.0 : [   4] sky\sky_17_clouds_cube#small
*  0.0 : [   5] sky\sky_17_cube
*  0.0 : [   5] sky\sky_17_cube#small
*  0.0 : [   9] sky\sky_18_cube
*  0.0 : [   9] sky\sky_18_cube#small
*  0.0 : [  14] sky\sky_19_cube
*  0.0 : [  14] sky\sky_19_cube#small
*  0.0 : [   5] sky\sky_1_clouds_cube
*  0.0 : [   5] sky\sky_1_clouds_cube#small
*  0.0 : [   4] sky\sky_20_clouds_cube
*  0.0 : [   4] sky\sky_20_clouds_cube#small
*  0.0 : [   5] sky\sky_20_cube
*  0.0 : [   5] sky\sky_20_cube#small
*  0.0 : [   4] sky\sky_2_clouds_cube
*  0.0 : [   4] sky\sky_2_clouds_cube#small
*  0.0 : [   5] sky\sky_2_cube
*  0.0 : [   5] sky\sky_2_cube#small
*  0.0 : [  15] sky\sky_3_cube
*  0.0 : [  15] sky\sky_3_cube#small
*  0.0 : [   4] sky\sky_4_cube
*  0.0 : [   4] sky\sky_4_cube#small
*  0.0 : [  34] sky\sky_5_cube
*  0.0 : [  34] sky\sky_5_cube#small
*  0.0 : [   9] sky\sky_6_cube
*  0.0 : [   9] sky\sky_6_cube#small
*  0.0 : [  14] sky\sky_7_cube
*  0.0 : [  14] sky\sky_7_cube#small
*  0.0 : [  10] sky\sky_8_cube
*  0.0 : [  10] sky\sky_8_cube#small
*  0.0 : [  53] sky\sky_9_cube
*  0.0 : [  53] sky\sky_9_cube#small
*  0.0 : [ 310] sky\sky_oblaka
*  0.0 : [   1] ui\ui_actor_ingame_new
*  0.0 : [   1] ui\ui_actor_lobby
*  0.0 : [   1] ui\ui_actor_multiplayer_game_menu
*  0.0 : [   1] ui\ui_actor_sleep_screen
*  0.0 : [   1] ui\ui_loadgame_screen
*  0.0 : [   1] wm\wm_blood_1
*  0.0 : [   1] wm\wm_blood_1_1
*  0.0 : [   1] wm\wm_blood_1_2
*  0.0 : [   1] wm\wm_blood_1_3
*  0.0 : [   1] wm\wm_blood_drop_4
*  0.0 : [   1] wm\wm_bullet_asfalt_1
*  0.0 : [   1] wm\wm_bullet_asfalt_2
*  0.0 : [   1] wm\wm_bullet_asfalt_3
*  0.0 : [   1] wm\wm_bullet_brick_1
*  0.0 : [   1] wm\wm_bullet_brick_2
*  0.0 : [   1] wm\wm_bullet_concrete
*  0.0 : [   1] wm\wm_bullet_concrete_1
*  0.0 : [   1] wm\wm_bullet_concrete_2
*  0.0 : [   1] wm\wm_bullet_concrete_4
*  0.0 : [   1] wm\wm_bullet_concrete_5
*  0.0 : [   1] wm\wm_bullet_concrete_6
*  0.0 : [   1] wm\wm_bullet_concrete_7
*  0.0 : [   1] wm\wm_bullet_glass01
*  0.0 : [   1] wm\wm_bullet_glass02
*  0.0 : [   1] wm\wm_bullet_glass03
*  0.0 : [   1] wm\wm_bullet_glass04
*  0.0 : [   1] wm\wm_bullet_ground
*  0.0 : [   1] wm\wm_bullet_ground_1
*  0.0 : [   1] wm\wm_bullet_ground_2
*  0.0 : [   1] wm\wm_bullet_metall_thik
*  0.0 : [   1] wm\wm_bullet_metall_thik_1
*  0.0 : [   1] wm\wm_bullet_metall_thik_2
*  0.0 : [   1] wm\wm_bullet_metall_thik_3
*  0.0 : [   1] wm\wm_bullet_metall_thin
*  0.0 : [   1] wm\wm_bullet_metall_thin_1
*  0.0 : [   1] wm\wm_bullet_metall_thin_2
*  0.0 : [   1] wm\wm_bullet_metall_thin_3
*  0.0 : [   1] wm\wm_bullet_metall_thin_4
*  0.0 : [   1] wm\wm_bullet_wood
*  0.0 : [   1] wm\wm_bullet_wood_1
*  0.0 : [   1] wm\wm_bullet_wood_2
*  0.0 : [   1] wm\wm_bullet_wood_3
*  0.0 : [   1] wm\wm_bullet_wood_4
*  0.0 : [   1] wm\wm_bullet_wood_5
*  0.0 : [   1] wm\wm_bullet_wood_6
*  0.0 : [   1] wm\wm_bullet_wood_7
*  0.0 : [   1] wm\wm_bullet_wood_8
*  0.0 : [   1] wm\wm_bullet_wood_9
*  0.0 : [   1] wm\wm_grenade
*  0.0 : [   1] wm\wm_knife_dead
*  0.0 : [   1] wm\wm_knife_horiz
*  0.0 : [   1] wm\wm_knife_horiz_blood
*  0.0 : [   1] wm\wm_knife_horiz_blood1
*  0.0 : [   1] wm\wm_knife_horiz_metal
*  0.0 : [   1] wm\wm_knife_horiz_ston
*  0.0 : [   1] wm\wm_knife_wood
*  0.0 : [   1] wm\wm_knife_wood1
*  0.0 : [   1] wm\wm_knife_wood2
*  0.4 : [   1] ui\ui_console
* 16.1 : [   1] ui\ui_font_arial_14_1024
* 32.1 : [   1] ui\ui_font_din_next_14_1024
* 32.1 : [   1] ui\ui_font_din_next_14_bold_1024
* 32.1 : [   1] ui\ui_font_din_next_16_1024
* 32.1 : [   1] ui\ui_font_din_next_16_bold_1024
* 32.1 : [   1] ui\ui_font_din_next_17_1024
* 32.1 : [   1] ui\ui_font_din_next_17_bold_1024
* 32.1 : [   1] ui\ui_font_letter_16_1024
* 32.1 : [   1] ui\ui_font_letter_18_1024
* 33.0 : [   1] ui\ui_ani_cursor
* 64.1 : [   1] ui\ui_font_console_02
* 64.1 : [   1] ui\ui_font_din_next_20_bold_1024
* 64.1 : [   1] ui\ui_font_din_next_23_bold_1024
* 64.1 : [   1] ui\ui_font_din_next_28_bold_1024
* 64.1 : [   1] ui\ui_font_graff_19_1024
* 64.1 : [   1] ui\ui_font_graff_22_1024
* 64.1 : [   1] ui\ui_font_hud_01
* 128.1 : [   1] ui\ui_font_din_next_36_bold_1024
* 128.1 : [   1] ui\ui_font_din_next_40_bold_1024
* 128.1 : [   1] ui\ui_font_graff_32_1024
* 128.1 : [   1] ui\ui_font_letter_25_1024
* 256.1 : [   1] ui\ui_font_graff_50_1024
* 256.1 : [   1] ui\ui_font_hud_02
* 512.1 : [   1] ui\ui_font_din_next_76_bold_1024
* 1024.1 : [   1] ui\ui_main_menu_logos
* 4096.1 : [   1] ui\ui_main_menu
* 4096.1 : [   1] ui\ui_main_menu_newspanel
* 4098.0 : [   1] ui\menu_background_small
compiling shader deffer_base_bump-hq
compiling shader deffer_model_bump-hq_3
compiling shader deffer_base_bump
compiling shader deffer_model_bump_3
compiling shader shadow_direct_model_3
"c:\game\x-ray multiplayer extension\game\bin\xrengine.exe" -addon=xrmpe_callofpripyat.addon -use_all_spawn
Entering function: CLevel::net_start1
Exiting function: CLevel::net_start1
Entering function: CLevel::net_start2
Exiting function: CLevel::net_start2
Entering function: CLevel::net_start3
Exiting function: CLevel::net_start3
Entering function: CLevel::net_start4
Exiting function: CLevel::net_start4
Entering function: CLevel::net_start_client1
* phase time: 173 ms
* phase cmem: 160223 K
Exiting function: CLevel::net_start_client1
Entering function: CLevel::net_start_client2
* calculating checksum of *.addon
-- [IPureClient] Connecting to server at 127.0.0.1:5446
--- Received map name from server: zaton
--- Received addon name from server: xrmpe_callofpripyat.addon
* WARNING: player not logged in
* client : connection accepted - <All Ok>
Exiting function: CLevel::net_start_client2
* Found dscript file: c:\game\x-ray multiplayer extension\game\gamedata\scripts\game_cl.dscript
Entering function: CLevel::net_start_client3
* phase time: 5974 ms
* phase cmem: 162784 K
* phase time: 10 ms
* phase cmem: 162821 K
* phase time: 5524 ms
* phase cmem: 262906 K
compiling shader deffer_base_bump_d-hq
compiling shader deffer_base_bump_d-hq
compiling shader deffer_base_bump
compiling shader shadow_direct_base
compiling shader base_lplanes
compiling shader base_lplanes
compiling shader deffer_base_flat
compiling shader deffer_base_flat
compiling shader deffer_base_steep_d-hq
compiling shader deffer_base_aref_flat
compiling shader shadow_direct_base_aref
compiling shader shadow_direct_base_aref
compiling shader deffer_base_bump-hq
compiling shader deffer_base_flat_d
compiling shader deffer_base_flat_d
compiling shader deffer_base_steep-hq
compiling shader vert
compiling shader vert
compiling shader deffer_base_aref_bump-hq
compiling shader deffer_base_aref_bump
compiling shader deffer_base_aref_flat_d
compiling shader simple
compiling shader wmark
compiling shader deffer_base_lmh_bump_d-hq
compiling shader deffer_base_lmh_bump_d-hq
compiling shader deffer_base_lmh_bump
compiling shader deffer_base_lmh_bump
compiling shader deffer_base_lmh_flat
compiling shader deffer_base_lmh_flat
compiling shader deffer_base_lmh_steep_d-hq
compiling shader deffer_base_lmh_bump-hq
compiling shader deffer_base_lmh_bump-hq
compiling shader deffer_base_lmh_aref_bump_d-hq
compiling shader deffer_base_lmh_aref_bump
compiling shader deffer_base_lmh_flat_d
compiling shader deffer_base_lmh_flat_d
compiling shader deffer_base_lmh_aref_flat
compiling shader deffer_base_lmh_aref_steep_d-hq
compiling shader lmapE
compiling shader lmapE
compiling shader deffer_base_lmh_aref_bump-hq
compiling shader deffer_impl_flat_d
compiling shader deffer_impl_flat_d
compiling shader deffer_impl_flat
compiling shader deffer_base_aref_bump_d-hq
compiling shader water_soft
compiling shader water_soft
compiling shader waterd_soft
compiling shader waterd_soft
compiling shader deffer_tree_s_bump_d-hq
compiling shader deffer_tree_s_bump
compiling shader shadow_direct_base
compiling shader shadow_direct_tree_s
compiling shader lod
compiling shader lod
compiling shader deffer_tree_bump-hq
compiling shader deffer_tree_bump
compiling shader shadow_direct_tree
compiling shader deffer_tree_bump_d-hq
compiling shader deffer_tree_flat
* phase time: 833 ms
* phase cmem: 264310 K
* [Loading VB] 65524 verts, 2047 Kb
* [Loading VB] 49375 verts, 1542 Kb
* [Loading VB] 65532 verts, 2047 Kb
* [Loading VB] 65535 verts, 2047 Kb
* [Loading VB] 65535 verts, 2047 Kb
* [Loading VB] 65534 verts, 2047 Kb
* [Loading VB] 65535 verts, 2047 Kb
* [Loading VB] 65532 verts, 2047 Kb
* [Loading VB] 65534 verts, 2047 Kb
* [Loading VB] 65532 verts, 2047 Kb
* [Loading VB] 65534 verts, 2047 Kb
* [Loading VB] 65535 verts, 2047 Kb
* [Loading VB] 65534 verts, 2047 Kb
* [Loading VB] 65535 verts, 2047 Kb
* [Loading VB] 65535 verts, 2047 Kb
* [Loading VB] 65535 verts, 2047 Kb
* [Loading VB] 65533 verts, 2047 Kb
* [Loading VB] 65533 verts, 2047 Kb
* [Loading VB] 65535 verts, 2047 Kb
* [Loading VB] 65534 verts, 2047 Kb
* [Loading VB] 65532 verts, 2047 Kb
* [Loading VB] 65533 verts, 2047 Kb
* [Loading VB] 65534 verts, 2047 Kb
* [Loading VB] 65530 verts, 2047 Kb
* [Loading VB] 65535 verts, 2047 Kb
* [Loading VB] 65532 verts, 2047 Kb
* [Loading VB] 65533 verts, 2047 Kb
* [Loading VB] 65535 verts, 2047 Kb
* [Loading VB] 65532 verts, 2047 Kb
* [Loading VB] 65535 verts, 2047 Kb
* [Loading VB] 65534 verts, 2047 Kb
* [Loading VB] 62064 verts, 1939 Kb
* [Loading VB] 65534 verts, 2047 Kb
* [Loading VB] 65534 verts, 2047 Kb
* [Loading VB] 65533 verts, 2047 Kb
* [Loading VB] 20072 verts, 627 Kb
* [Loading IB] 1048575 indices, 2047 Kb
* [Loading IB] 1048575 indices, 2047 Kb
* [Loading IB] 1048575 indices, 2047 Kb
* [Loading IB] 1048575 indices, 2047 Kb
* [Loading IB] 1048575 indices, 2047 Kb
* [Loading IB] 1048575 indices, 2047 Kb
* [Loading IB] 1048575 indices, 2047 Kb
* [Loading IB] 1048575 indices, 2047 Kb
* [Loading IB] 1048575 indices, 2047 Kb
* [Loading IB] 1048575 indices, 2047 Kb
* [Loading IB] 1048575 indices, 2047 Kb
* [Loading IB] 1048572 indices, 2047 Kb
* [Loading IB] 393270 indices, 768 Kb
* [Loading VB] 65535 verts, 767 Kb
* [Loading VB] 65535 verts, 767 Kb
* [Loading VB] 65534 verts, 767 Kb
* [Loading VB] 65535 verts, 767 Kb
* [Loading VB] 65535 verts, 767 Kb
* [Loading VB] 65535 verts, 767 Kb
* [Loading VB] 65534 verts, 767 Kb
* [Loading VB] 65534 verts, 767 Kb
* [Loading VB] 65534 verts, 767 Kb
* [Loading VB] 65535 verts, 767 Kb
* [Loading VB] 65535 verts, 767 Kb
* [Loading VB] 65535 verts, 767 Kb
* [Loading VB] 65534 verts, 767 Kb
* [Loading VB] 65535 verts, 767 Kb
* [Loading VB] 65535 verts, 767 Kb
* [Loading VB] 65533 verts, 767 Kb
* [Loading VB] 65533 verts, 767 Kb
* [Loading VB] 41404 verts, 485 Kb
* [Loading IB] 1048575 indices, 2047 Kb
* [Loading IB] 1048575 indices, 2047 Kb
* [Loading IB] 1048575 indices, 2047 Kb
* [Loading IB] 1048575 indices, 2047 Kb
* [Loading IB] 1048575 indices, 2047 Kb
* [Loading IB] 1048575 indices, 2047 Kb
* [Loading IB] 1048575 indices, 2047 Kb
* [Loading IB] 1048572 indices, 2047 Kb
* [Loading IB] 1048572 indices, 2047 Kb
* [Loading IB] 1048575 indices, 2047 Kb
* [Loading IB] 760575 indices, 1485 Kb
* phase time: 258 ms
* phase cmem: 396999 K
* phase time: 78 ms
* phase cmem: 405855 K
compiling shader deffer_detail_w_flat
compiling shader deffer_detail_s_flat
* [DETAILS] VertexConsts(256), Batch(61)
* [DETAILS] 10126 v(20), 5368 p
* [DETAILS] Batch(61), VB(197K), IB(31K)
* phase time: 47 ms
* phase cmem: 406123 K
* Loading HOM: c:\game\x-ray multiplayer extension\game\gamedata\levels\zaton\level.hom
* phase time: 21 ms
* phase cmem: 406738 K
* calculating checksum of level.geom
Exiting function: CLevel::net_start_client3
* phase time: 694 ms
* phase cmem: 437933 K
* connection sync: 0 ms
Entering function: CLevel::net_start_client5
* phase time: 18 ms
* phase cmem: 437933 K
* t-report - base: 1093, 119611 K
* t-report - lmap: 16, 16386 K
Exiting function: CLevel::net_start_client5
Entering function: CLevel::net_start_client6
Exiting function: CLevel::net_start_client6
Entering function: CLevel::net_start_client6
Exiting function: CLevel::net_start_client6
Entering function: CLevel::net_start_client6
Exiting function: CLevel::net_start_client6
Entering function: CLevel::net_start_client6
* WARNING: player not logged in
-- xrVoice: Connecting to Vivox server...
* phase time: 4795 ms
* phase cmem: 562237 K
Loading sounds...
Loading objects...
compiling shader deffer_model_flat_0
compiling shader shadow_direct_model_0
compiling shader deffer_model_bump-hq_0
compiling shader deffer_model_bump_0
! auto-generated bump map: wpn\pkm\pkm_bump#
! auto-generated bump map: wpn\pkm\pkm_bump
compiling shader model_env_lq
compiling shader model_env_lq_0
compiling shader deffer_model_bump-hq_2
compiling shader deffer_model_bump_2
compiling shader shadow_direct_model_2
compiling shader accum_emissivel
compiling shader deffer_model_flat_1
compiling shader shadow_direct_model_1
compiling shader deffer_model_bump-hq_1
compiling shader deffer_model_bump_1
compiling shader shadow_direct_model_aref_0
compiling shader model_def_lq
compiling shader model_def_lq_0
-- Request req_connector_create with cookie=(null) completed.
-- xrVoice: Logging in...
compiling shader model_def_lplanes_1
compiling shader model_def_lplanes_0
compiling shader accum_emissive
-- Request req_account_anonymous_login with cookie=(null) completed.
-- VIVOX MANAGER: USER LOGGED
Loading models...
compiling shader deffer_model_bump-hq_4
compiling shader deffer_model_bump_4
compiling shader shadow_direct_model_4
compiling shader models_pda_screen
compiling shader model_env_lq_2
compiling shader deffer_model_flat_2
compiling shader model_scope_lense_night
compiling shader model_scope_lense_lerp
compiling shader model_def_lq_1
compiling shader model_scope_lense
compiling shader deffer_model_bump_d-hq_4
compiling shader shadow_direct_model_aref_2
compiling shader deffer_model_bump_d-hq_3
compiling shader model_distort4glass_3
compiling shader shadow_direct_model_aref_3
compiling shader deffer_model_flat_4
compiling shader shadow_direct_model_aref_4
* [prefetch] time:    13015 ms
* [prefetch] memory:  699153Kb
Exiting function: CLevel::net_start_client6
Entering function: CLevel::net_start_client6
Exiting function: CLevel::net_start_client6
Entering function: CLevel::net_start_client6
Exiting function: CLevel::net_start_client6
Entering function: CLevel::net_start_client6
Exiting function: CLevel::net_start_client6
Entering function: CLevel::net_start_client6
Exiting function: CLevel::net_start_client6
Entering function: CLevel::net_start_client6
Exiting function: CLevel::net_start_client6
Entering function: CLevel::net_start_client6
Exiting function: CLevel::net_start_client6
Entering function: CLevel::net_start_client6
Exiting function: CLevel::net_start_client6
Entering function: CLevel::net_start_client6
Exiting function: CLevel::net_start_client6
Entering function: CLevel::net_start_client6
Exiting function: CLevel::net_start_client6
Entering function: CLevel::net_start_client6
Exiting function: CLevel::net_start_client6
Entering function: CLevel::net_start_client6
Exiting function: CLevel::net_start_client6
Entering function: CLevel::net_start_client6
Exiting function: CLevel::net_start_client6
Entering function: CLevel::net_start_client6
Exiting function: CLevel::net_start_client6
Entering function: CLevel::net_start_client6
Exiting function: CLevel::net_start_client6
Entering function: CLevel::net_start_client6
Exiting function: CLevel::net_start_client6
Entering function: CLevel::net_start_client6
Exiting function: CLevel::net_start_client6
Entering function: CLevel::net_start_client6
Exiting function: CLevel::net_start_client6
Entering function: CLevel::net_start_client6
Exiting function: CLevel::net_start_client6
Entering function: CLevel::net_start_client6
Exiting function: CLevel::net_start_client6
Entering function: CLevel::net_start_client6
Exiting function: CLevel::net_start_client6
Entering function: CLevel::net_start_client6
Exiting function: CLevel::net_start_client6
Entering function: CLevel::net_start_client6
Exiting function: CLevel::net_start_client6
Entering function: CLevel::net_start_client6
Exiting function: CLevel::net_start_client6
Entering function: CLevel::net_start_client6
Exiting function: CLevel::net_start_client6
Entering function: CLevel::net_start_client6
Exiting function: CLevel::net_start_client6
Entering function: CLevel::net_start_client6
Exiting function: CLevel::net_start_client6
Entering function: CLevel::net_start_client6
Exiting function: CLevel::net_start_client6
Entering function: CLevel::net_start_client6
Exiting function: CLevel::net_start_client6
Entering function: CLevel::net_start_client6
Exiting function: CLevel::net_start_client6
Entering function: CLevel::net_start_client6
Exiting function: CLevel::net_start_client6
Entering function: CLevel::net_start_client6
Exiting function: CLevel::net_start_client6
Entering function: CLevel::net_start_client6
Exiting function: CLevel::net_start_client6
Entering function: CLevel::net_start_client6
Exiting function: CLevel::net_start_client6
Entering function: CLevel::net_start_client6
Exiting function: CLevel::net_start_client6
Entering function: CLevel::net_start_client6
Exiting function: CLevel::net_start_client6
Entering function: CLevel::net_start_client6
Exiting function: CLevel::net_start_client6
Entering function: CLevel::net_start_client6
Exiting function: CLevel::net_start_client6
Entering function: CLevel::net_start_client6
Exiting function: CLevel::net_start_client6
Entering function: CLevel::net_start_client6
Exiting function: CLevel::net_start_client6
Entering function: CLevel::net_start_client6
Exiting function: CLevel::net_start_client6
Entering function: CLevel::net_start_client6
Exiting function: CLevel::net_start_client6
Entering function: CLevel::net_start_client6
Exiting function: CLevel::net_start_client6
Entering function: CLevel::net_start_client6
Exiting function: CLevel::net_start_client6
Entering function: CLevel::net_start_client6
Exiting function: CLevel::net_start_client6
Entering function: CLevel::net_start_client6
Exiting function: CLevel::net_start_client6
Entering function: CLevel::net_start_client6
Exiting function: CLevel::net_start_client6
Entering function: CLevel::net_start_client6
Exiting function: CLevel::net_start_client6
Entering function: CLevel::net_start_client6
Exiting function: CLevel::net_start_client6
Entering function: CLevel::net_start_client6
Exiting function: CLevel::net_start_client6
Entering function: CLevel::net_start_client6
Exiting function: CLevel::net_start_client6
Entering function: CLevel::net_start_client6
Exiting function: CLevel::net_start_client6
Entering function: CLevel::net_start_client6
Exiting function: CLevel::net_start_client6
Entering function: CLevel::net_start_client6
Exiting function: CLevel::net_start_client6
Entering function: CLevel::net_start_client6
Exiting function: CLevel::net_start_client6
Entering function: CLevel::net_start_client6
Exiting function: CLevel::net_start_client6
Entering function: CLevel::net_start_client6
Exiting function: CLevel::net_start_client6
Entering function: CLevel::net_start_client6
Exiting function: CLevel::net_start_client6
Entering function: CLevel::net_start_client6
Exiting function: CLevel::net_start_client6
Entering function: CLevel::net_start_client6
Exiting function: CLevel::net_start_client6
Entering function: CLevel::net_start_client6
Exiting function: CLevel::net_start_client6
Entering function: CLevel::net_start_client6
Exiting function: CLevel::net_start_client6
Entering function: CLevel::net_start_client6
Exiting function: CLevel::net_start_client6
Entering function: CLevel::net_start_client6
Exiting function: CLevel::net_start_client6
Entering function: CLevel::net_start_client6
Exiting function: CLevel::net_start_client6
Entering function: CLevel::net_start_client6
Exiting function: CLevel::net_start_client6
Entering function: CLevel::net_start_client6
Exiting function: CLevel::net_start_client6
Entering function: CLevel::net_start_client6
Exiting function: CLevel::net_start_client6
Entering function: CLevel::net_start_client6
Exiting function: CLevel::net_start_client6
Entering function: CLevel::net_start_client6
Exiting function: CLevel::net_start_client6
Entering function: CLevel::net_start_client6
Exiting function: CLevel::net_start_client6
Entering function: CLevel::net_start_client6
Exiting function: CLevel::net_start_client6
Entering function: CLevel::net_start_client6
Exiting function: CLevel::net_start_client6
Entering function: CLevel::net_start_client6
Exiting function: CLevel::net_start_client6
Entering function: CLevel::net_start_client6
Exiting function: CLevel::net_start_client6
Entering function: CLevel::net_start_client6
Exiting function: CLevel::net_start_client6
Entering function: CLevel::net_start_client6
Exiting function: CLevel::net_start_client6
Entering function: CLevel::net_start_client6
Exiting function: CLevel::net_start_client6
Entering function: CLevel::net_start_client6
Exiting function: CLevel::net_start_client6
Entering function: CLevel::net_start_client6
Exiting function: CLevel::net_start_client6
Entering function: CLevel::net_start_client6
Exiting function: CLevel::net_start_client6
Entering function: CLevel::net_start_client6
Exiting function: CLevel::net_start_client6
Entering function: CLevel::net_start_client6
Exiting function: CLevel::net_start_client6
Entering function: CLevel::net_start_client6
Exiting function: CLevel::net_start_client6
Entering function: CLevel::net_start_client6
Exiting function: CLevel::net_start_client6
Entering function: CLevel::net_start_client6
Exiting function: CLevel::net_start_client6
Entering function: CLevel::net_start_client6
Exiting function: CLevel::net_start_client6
Entering function: CLevel::net_start_client6
Exiting function: CLevel::net_start_client6
Entering function: CLevel::net_start_client6
Exiting function: CLevel::net_start_client6
Entering function: CLevel::net_start_client6
Exiting function: CLevel::net_start_client6
Entering function: CLevel::net_start_client6
Exiting function: CLevel::net_start_client6
Entering function: CLevel::net_start_client6
Exiting function: CLevel::net_start_client6
Entering function: CLevel::net_start_client6
Exiting function: CLevel::net_start_client6
Entering function: CLevel::net_start_client6
Exiting function: CLevel::net_start_client6
Entering function: CLevel::net_start_client6
Exiting function: CLevel::net_start_client6
Entering function: CLevel::net_start_client6
Exiting function: CLevel::net_start_client6
Entering function: CLevel::net_start_client6
Exiting function: CLevel::net_start_client6
Entering function: CLevel::net_start_client6
Exiting function: CLevel::net_start_client6
Entering function: CLevel::net_start_client6
Exiting function: CLevel::net_start_client6
Entering function: CLevel::net_start_client6
Exiting function: CLevel::net_start_client6
Entering function: CLevel::net_start_client6
Exiting function: CLevel::net_start_client6
Entering function: CLevel::net_start_client6
Exiting function: CLevel::net_start_client6
Entering function: CLevel::net_start_client6
Exiting function: CLevel::net_start_client6
Entering function: CLevel::net_start_client6
Exiting function: CLevel::net_start_client6
Entering function: CLevel::net_start_client6
Exiting function: CLevel::net_start_client6
Entering function: CLevel::net_start_client6
Exiting function: CLevel::net_start_client6
Entering function: CLevel::net_start_client6
Exiting function: CLevel::net_start_client6
Entering function: CLevel::net_start_client6
Exiting function: CLevel::net_start_client6
Entering function: CLevel::net_start_client6
Exiting function: CLevel::net_start_client6
Entering function: CLevel::net_start_client6
Exiting function: CLevel::net_start_client6
Entering function: CLevel::net_start_client6
Exiting function: CLevel::net_start_client6
Entering function: CLevel::net_start_client6
Exiting function: CLevel::net_start_client6
Entering function: CLevel::net_start_client6
Exiting function: CLevel::net_start_client6
Entering function: CLevel::net_start_client6
Exiting function: CLevel::net_start_client6
Entering function: CLevel::net_start_client6
Exiting function: CLevel::net_start_client6
Entering function: CLevel::net_start_client6
Exiting function: CLevel::net_start_client6
Entering function: CLevel::net_start_client6
Exiting function: CLevel::net_start_client6
Entering function: CLevel::net_start_client6
Exiting function: CLevel::net_start_client6
Entering function: CLevel::net_start_client6
Exiting function: CLevel::net_start_client6
Entering function: CLevel::net_start_client6
Exiting function: CLevel::net_start_client6
Entering function: CLevel::net_start_client6
Exiting function: CLevel::net_start_client6
Entering function: CLevel::net_start_client6
Exiting function: CLevel::net_start_client6
Entering function: CLevel::net_start_client6
Exiting function: CLevel::net_start_client6
Entering function: CLevel::net_start_client6
Exiting function: CLevel::net_start_client6
Entering function: CLevel::net_start_client6
Exiting function: CLevel::net_start_client6
Entering function: CLevel::net_start_client6
Exiting function: CLevel::net_start_client6
Entering function: CLevel::net_start_client6
Exiting function: CLevel::net_start_client6
Entering function: CLevel::net_start_client6
Exiting function: CLevel::net_start_client6
Entering function: CLevel::net_start_client6
Exiting function: CLevel::net_start_client6
Entering function: CLevel::net_start_client6
Exiting function: CLevel::net_start_client6
Entering function: CLevel::net_start_client6
Exiting function: CLevel::net_start_client6
Entering function: CLevel::net_start_client6
Exiting function: CLevel::net_start_client6
Entering function: CLevel::net_start_client6
Exiting function: CLevel::net_start_client6
Entering function: CLevel::net_start_client6
Exiting function: CLevel::net_start_client6
Entering function: CLevel::net_start_client6
Exiting function: CLevel::net_start_client6
Entering function: CLevel::net_start_client6
Exiting function: CLevel::net_start_client6
Entering function: CLevel::net_start_client6
Exiting function: CLevel::net_start_client6
Entering function: CLevel::net_start_client6
Exiting function: CLevel::net_start_client6
Entering function: CLevel::net_start_client6
Exiting function: CLevel::net_start_client6
Entering function: CLevel::net_start_client6
Exiting function: CLevel::net_start_client6
Entering function: CLevel::net_start_client6
Exiting function: CLevel::net_start_client6
Entering function: CLevel::net_start_client6
Exiting function: CLevel::net_start_client6
Entering function: CLevel::net_start_client6
Exiting function: CLevel::net_start_client6
Entering function: CLevel::net_start_client6
Exiting function: CLevel::net_start_client6
Entering function: CLevel::net_start_client6
Exiting function: CLevel::net_start_client6
Entering function: CLevel::net_start_client6
Exiting function: CLevel::net_start_client6
Entering function: CLevel::net_start_client6
Exiting function: CLevel::net_start_client6
Entering function: CLevel::net_start_client6
Exiting function: CLevel::net_start_client6
Entering function: CLevel::net_start_client6
Exiting function: CLevel::net_start_client6
Entering function: CLevel::net_start_client6
Exiting function: CLevel::net_start_client6
Entering function: CLevel::net_start_client6
Exiting function: CLevel::net_start_client6
Entering function: CLevel::net_start_client6
Exiting function: CLevel::net_start_client6
Entering function: CLevel::net_start_client6
Exiting function: CLevel::net_start_client6
Entering function: CLevel::net_start_client6
Exiting function: CLevel::net_start_client6
Entering function: CLevel::net_start_client6
Exiting function: CLevel::net_start_client6
Entering function: CLevel::net_start_client6
Exiting function: CLevel::net_start_client6
Entering function: CLevel::net_start_client6
Exiting function: CLevel::net_start_client6
Entering function: CLevel::net_start_client6
Exiting function: CLevel::net_start_client6
Entering function: CLevel::net_start_client6
Exiting function: CLevel::net_start_client6
Entering function: CLevel::net_start_client6
Exiting function: CLevel::net_start_client6
Entering function: CLevel::net_start_client6
Exiting function: CLevel::net_start_client6
Entering function: CLevel::net_start_client6
Exiting function: CLevel::net_start_client6
Entering function: CLevel::net_start_client6
Exiting function: CLevel::net_start_client6
Entering function: CLevel::net_start_client6
Exiting function: CLevel::net_start_client6
Entering function: CLevel::net_start_client6
Exiting function: CLevel::net_start_client6
Entering function: CLevel::net_start_client6
Exiting function: CLevel::net_start_client6
Entering function: CLevel::net_start_client6
Exiting function: CLevel::net_start_client6
Entering function: CLevel::net_start_client6
Exiting function: CLevel::net_start_client6
Entering function: CLevel::net_start_client6
Exiting function: CLevel::net_start_client6
Entering function: CLevel::net_start_client6
Exiting function: CLevel::net_start_client6
Entering function: CLevel::net_start_client6
Exiting function: CLevel::net_start_client6
Entering function: CLevel::net_start_client6
Exiting function: CLevel::net_start_client6
Entering function: CLevel::net_start_client6
Exiting function: CLevel::net_start_client6
Entering function: CLevel::net_start_client6
Exiting function: CLevel::net_start_client6
Entering function: CLevel::net_start_client6
Exiting function: CLevel::net_start_client6
Entering function: CLevel::net_start_client6
Exiting function: CLevel::net_start_client6
Entering function: CLevel::net_start_client6
Exiting function: CLevel::net_start_client6
Entering function: CLevel::net_start_client6
Exiting function: CLevel::net_start_client6
Entering function: CLevel::net_start_client6
Exiting function: CLevel::net_start_client6
Entering function: CLevel::net_start_client6
Exiting function: CLevel::net_start_client6
Entering function: CLevel::net_start_client6
Exiting function: CLevel::net_start_client6
Entering function: CLevel::net_start_client6
Exiting function: CLevel::net_start_client6
Entering function: CLevel::net_start_client6
Exiting function: CLevel::net_start_client6
Entering function: CLevel::net_start_client6
Exiting function: CLevel::net_start_client6
Entering function: CLevel::net_start_client6
Exiting function: CLevel::net_start_client6
Entering function: CLevel::net_start_client6
* phase time: 16684 ms
* phase cmem: 1295984 K
Exiting function: CLevel::net_start_client6
Entering function: CLevel::net_start5
Exiting function: CLevel::net_start5
Entering function: CLevel::net_start6
Exiting function: CLevel::net_start6
compiling shader deffer_model_bump_d-hq_1
compiling shader shadow_direct_model_aref_1
compiling shader deffer_model_bump_d-hq_0
compiling shader deffer_model_bump_d-hq_2
== TEAM: 0
compiling shader model_env_lq_1
Lycur connected
-- xrVoice: Joining channel...
-- xrVoice: Joining channel...
-- Request req_sessiongroup_add_session with cookie=(null) completed.
-- xrVoice: Connected to channel
-- Request req_sessiongroup_add_session with cookie=(null) completed.
-- xrVoice: Connected to channel
-- Request req_sessiongroup_set_tx_all_sessions with cookie=(null) completed.
-- Request req_aux_set_speaker_level with cookie=(null) completed.
* Found dscript file: c:\game\x-ray multiplayer extension\game\gamedata\scripts\xr_conditions.dscript
* MEMORY USAGE: 1320759 K
* End of synchronization A[1] R[1]
* phase time: 7156 ms
* phase cmem: 1336803 K
* [win32]: free[2202600 K], reserved[175900 K], committed[1815740 K]
* [ D3D ]: textures[511258 K]
* [x-ray]: crt heap[1336803 K], process heap[1336803 K], game lua[11710 K], render[551 K]
* [x-ray]: economy: strings[13816 K], smem[21169 K]
Flork connected
== TEAM: 0
[Lycur] Received Info [global_dialogs]
[Lycur] Received Info [level_changer_icons]
* Found dscript file: c:\game\x-ray multiplayer extension\game\gamedata\scripts\pda.dscript
== TEAM: 0
[lua] GM_SCRIPT_MANAGE_FLAG: GAME_STARTED 1
[Flork] Received Info [global_dialogs]
[Flork] Received Info [level_changer_icons]
[lua] GM_SCRIPT_MANAGE_FLAG: ZAT_A1_GAME_START 1
[lua] GM_SCRIPT_MANAGE_FLAG: ZAT_B28_START_BLOK 1
* Found dscript file: c:\game\x-ray multiplayer extension\game\gamedata\scripts\xr_effects.dscript
compiling shader yuv2rgb
[Lycur] Received Info [zat_a1_tutorial_start]
[lua] GM_SCRIPT_MANAGE_FLAG: ZAT_A1_ATACK_FROM_ZAT_SIM_15 1
[Flork] Received Info [zat_a1_tutorial_start]
[lua] GM_SCRIPT_MANAGE_FLAG: ZAT_A1_TUTORIAL_STOP 1
-- TASK MANAGER: NEW TASK zat_b101_heli_5_crash
* Found dscript file: c:\game\x-ray multiplayer extension\game\gamedata\scripts\news_manager.dscript
[lua] GM_SCRIPT_MANAGE_FLAG: ZAT_B101_GIVE_TASK 1
[lua] Sending GM_SCRIPT_CHANGE_TASK_MAP_LOCATION f0r story_id zat_b101_heli_5
-- TASK MANAGER: NEW TASK jup_b8_heli_4_crash
[lua] GM_SCRIPT_MANAGE_FLAG: JUP_B8_GIVE_TASK 1
-- TASK MANAGER: NEW TASK zat_b28_heli_3_crash
-- TASK MANAGER: NEW TASK zat_b100_heli_2_crash
-- TASK MANAGER: NEW TASK jup_b9_heli_1_crash
[lua] GM_SCRIPT_MANAGE_FLAG: JUP_B9_GIVE_TASK 1
[lua] Sending GM_SCRIPT_CHANGE_TASK_MAP_LOCATION f0r story_id jup_b9_heli_1
[lua] Sending GM_SCRIPT_CHANGE_TASK_MAP_LOCATION f0r story_id zat_b100_heli_2
[lua] Sending GM_SCRIPT_CHANGE_TASK_MAP_LOCATION f0r story_id zat_b28_heli_3
[lua] Sending GM_SCRIPT_CHANGE_TASK_MAP_LOCATION f0r story_id jup_b8_heli_4
[lua] GM_SCRIPT_MANAGE_FLAG: ZAT_A1_GAME_START_SAVED 1
[lua] GM_SCRIPT_MANAGE_FLAG: ZAT_B3_TECH_WAKED_UP 1
compiling shader deffer_model_flat_3
compiling shader model_distort_1
[lua] GM_SCRIPT_MANAGE_FLAG: ZAT_B53_ACTOR_ENEMY 1
zat_b53_artefact_hunter_17376 killed by Flork ...
[lua] GM_SCRIPT_MANAGE_FLAG: ZAT_B53_GO_NIL 1
[lua] GM_SCRIPT_MANAGE_FLAG: ZAT_B53_DEC_FACTION_GOODWILL_DONE 1
[Владыка серверный] Received Info [zat_b53_visited]
* Response resp_session_set_3d_position returned 'Target Object Does Not Exist'(1001)
zat_b53_artefact_hunter_27385 killed by Lycur ...
[Владыка серверный] Received Info [zat_b14_visited]
[lua] GM_SCRIPT_MANAGE_FLAG: ZAT_B14_TAKE_ITEM 1
[lua] GM_SCRIPT_MANAGE_FLAG: ZAT_B14_LEARN_ABOUT_STRANGE_OCCURRENCE_BY_STALKERS_GIVE_TASK 1
-- TASK MANAGER: NEW TASK zat_b14_learn_about_strange_occurrence_by_stalkers
[lua] Sending GM_SCRIPT_CHANGE_TASK_MAP_LOCATION f0r story_id nil
[lua] GM_SCRIPT_MANAGE_FLAG: ZAT_B14_GENERAL_STALKER_SPAWN 1
[lua] GM_SCRIPT_MANAGE_FLAG: ZAT_B14_DOOR_1_UNLOCK 1
[lua] GM_SCRIPT_MANAGE_FLAG: ZAT_B14_DOOR_1_UNLOCK 1
[lua] GM_SCRIPT_MANAGE_FLAG: ZAT_B14_DOOR_1_UNLOCK 1
[lua] GM_SCRIPT_MANAGE_FLAG: ZAT_B14_CLOSE_DOOR 1
[Flork] Received Info [ui_talk_show]
[lua] GM_SCRIPT_MANAGE_FLAG: ZAT_B14_NOT_GIVE_ITEM_STALKER 1
[lua] GM_SCRIPT_MANAGE_FLAG: ZAT_B14_DIALOG_DONE 1
[Flork] Received Info [ui_talk_hide]
[lua] GM_SCRIPT_MANAGE_FLAG: ZAT_B14_ACTOR_ENEMY 1
zat_b14_stalker_112545 killed by Flork ...
[lua] GM_SCRIPT_MANAGE_FLAG: ZAT_B14_STALKER_KILLED_BY_ACTOR 1
zat_b14_stalker_212554 killed by Lycur ...
[lua] GM_SCRIPT_MANAGE_FLAG: ZAT_B14_STOP_SOUND 1
zat_b14_stalker_312567 killed by Flork ...
[lua] GM_SCRIPT_MANAGE_FLAG: ZAT_A1_SIMULATION_START 1
flesh_normal10779 killed by pseudodog_normal10771 ...
flesh_strong6489 killed by Flork ...
boar_normal6488 killed by Lycur ...
[Flork] Received Info [ui_pda]
[Flork] Received Info [ui_pda_map_local]
[Flork] Received Info [ui_pda_hide]
[lua] GM_SCRIPT_INIT_NPC_TRADE: 7142 misc\trade\trade_zat_a2_barmen.ltx
[lua] GM_SCRIPT_INIT_NPC_TRADE: 7160 misc\trade\trade_zat_b22_stalker_medic.ltx
[lua] GM_SCRIPT_INIT_NPC_TRADE: 7175 misc\trade\trade_zat_b30_stalker_trader.ltx
[lua] GM_SCRIPT_MANAGE_FLAG: ZAT_B51_NIMBLE_CAN_GO 1
[lua] GM_SCRIPT_MANAGE_FLAG: ZAT_B3_TECH_DRINKED_OUT 1
[lua] GM_SCRIPT_MANAGE_FLAG: ABOUT_SKADOVSK_DIALOG_DONE 1
[lua] GM_SCRIPT_MANAGE_FLAG: ZAT_A2_REACH_BASE 1
[lua] GM_SCRIPT_MANAGE_FLAG: ZAT_A2_REACHED_SKADOVSK 1
[lua] GM_SCRIPT_MANAGE_FLAG: ZAT_A2_STALKER_BARMEN_SETUP 1
[lua] GM_SCRIPT_MANAGE_FLAG: ZAT_A2_LINKER_B14_QUEST_STRANGE_ITEM_TOLD 1
[lua] GM_SCRIPT_MANAGE_FLAG: ZAT_B14_GIVE_ITEM_LINKER 1
[lua] GM_SCRIPT_MANAGE_FLAG: ZAT_B14_SMART_TERRAIN_OPEN 1
[lua] no_check: zat_b14_learn_about_strange_occurrence_by_stalkers nil
* Found dscript file: c:\game\x-ray multiplayer extension\game\gamedata\scripts\dialogs.dscript
[lua] GM_SCRIPT_MANAGE_FLAG: ZAT_B29_TASK_START 1
[lua] GM_SCRIPT_MANAGE_FLAG: ZAT_B29_AF_16 1
[lua] GM_SCRIPT_MANAGE_FLAG: ZAT_B29_AF_22 1
[lua] GM_SCRIPT_MANAGE_FLAG: ZAT_B29_AF_18 1
[lua] GM_SCRIPT_MANAGE_FLAG: ZAT_B106_START_DIALOGS 1
[lua] GM_SCRIPT_MANAGE_FLAG: ZAT_B106_GONTA_STORY_ASK_DONE 1
[lua] GM_SCRIPT_MANAGE_FLAG: ZAT_B106_GARMATA_STORY_REPLY_DONE 1
[lua] GM_SCRIPT_MANAGE_FLAG: ZAT_B106_GONTA_STORY_CALM_DONE 1
[lua] GM_SCRIPT_MANAGE_FLAG: ZAT_B30_OWL_STALKER_TRADER_SETUP 1
[lua] GM_SCRIPT_SURGE
[lua] Script surge started
-- TASK MANAGER: NEW TASK hide_from_surge
sim_default_stalker_26520 dies himself ...
[lua] no_check: hide_from_surge nil
sim_default_bandit_114042 killed by sim_default_stalker_114001 ...
sim_default_bandit_214026 killed by sim_default_stalker_114001 ...
sim_default_stalker_114001 killed by sim_default_bandit_210797 ...
sim_default_bandit_010811 killed by sim_default_stalker_014015 ...
sim_default_stalker_014015 killed by sim_default_bandit_210797 ...
dog_cute10786 killed by flesh_strong10793 ...
compiling shader particle_alphaonly
[lua] GM_SCRIPT_MANAGE_FLAG: ZAT_B29_AF_16 0
[lua] GM_SCRIPT_MANAGE_FLAG: ZAT_B29_AF_18 0
[lua] GM_SCRIPT_MANAGE_FLAG: ZAT_B29_AF_22 0
[lua] GM_SCRIPT_MANAGE_FLAG: ZAT_B29_AF_16 1
[lua] GM_SCRIPT_MANAGE_FLAG: ZAT_B29_AF_20 1
[Lycur] Received Info [ui_pda]
[Lycur] Received Info [ui_pda_map_local]
[Lycur] Received Info [ui_pda_hide]
[lua] GM_SCRIPT_MANAGE_FLAG: ZAT_B42_CONTROLLER_WARNING_1_SOUND 1
[lua] GM_SCRIPT_MANAGE_FLAG: ZAT_B42_CONTROLLER_WARNING_1_SOUND_PLAYED 1
[lua] GM_SCRIPT_MANAGE_FLAG: SAVE_ZAT_B42_ARRIVED_TO_CONTROLER_LAIR 1
m_controller_normal7374 killed by Lycur ...
[lua] GM_SCRIPT_MANAGE_FLAG: ZAT_B42_CONTROLLER_DEAD 1
[lua] GM_SCRIPT_MANAGE_FLAG: ZAT_B42_MAYRON_SERCHD 1
dog_weak10787 killed by boar_normal10792 ...
compiling shader model_distort_2
[Владыка серверный] Received Info [zat_b20_visited]
pseudodog_normal12110 killed by Lycur ...
dog_weak6486 killed by sim_default_stalker_212363 ...
dog_strong6485 killed by sim_default_stalker_012378 ...
[lua] GM_SCRIPT_MANAGE_FLAG: ZAT_B20_PLATEAU_WAY_DONE 1
snork_weak7172 killed by Lycur ...
[lua] GM_SCRIPT_MANAGE_FLAG: ZAT_B28_HELI_3_SEARCHING 1
[lua] GM_SCRIPT_MANAGE_FLAG: ZAT_B28_HELI_3_CUT_WAIT 1
[lua] GM_SCRIPT_MANAGE_FLAG: ZAT_B28_HELI_3_PLAY_SOUND 1
[lua] zat_b28_logic ZONE ENTER 2090127
[lua] GM_SCRIPT_MANAGE_FLAG: ZAT_B28_ACTOR_HIT 1
[lua] GM_SCRIPT_MANAGE_FLAG: ZAT_B28_CAMERA_STOP 1
[lua] GM_SCRIPT_MANAGE_FLAG: ZAT_B28_HELI_CUT_END 1
[lua] GM_SCRIPT_MANAGE_FLAG: ZAT_B28_HELI_3_SEARCHED 1
[lua] no_check: zat_b28_heli_3_crash nil
[lua] GM_SCRIPT_MANAGE_FLAG: ZAT_B107_EVACUATION_INFO_PARTIAL 1
-- TASK MANAGER: NEW TASK zat_b107_evacuation_zaton
-- TASK MANAGER: NEW TASK zat_b107_evacuation_jupiter
-- TASK MANAGER: NEW TASK zat_b107_evacuation_pripyat
[lua] Sending GM_SCRIPT_CHANGE_TASK_MAP_LOCATION f0r story_id pri_a28_evacuation_point
[lua] Sending GM_SCRIPT_CHANGE_TASK_MAP_LOCATION f0r story_id jup_b205_zombie_zone_01
[lua] Sending GM_SCRIPT_CHANGE_TASK_MAP_LOCATION f0r story_id zat_a2_stalker_barmen
[lua] GM_SCRIPT_MANAGE_FLAG: SAVE_ZAT_B28_SEARCHED_HELI_3 1
snork_weak7170 killed by Lycur ...
snork_weak7171 killed by Lycur ...
bloodsucker_normal10829 killed by Flork ...
[lua] GM_SCRIPT_MANAGE_FLAG: ZAT_B28_DRAPER_SERCHD 1
snork_weak7173 killed by Lycur ...
[lua] GM_SCRIPT_MANAGE_FLAG: ZAT_B28_UMEROV_SERCHD 1
[lua] GM_SCRIPT_MANAGE_FLAG: ZAT_B28_SMOLIAK_SERCHD 1
[lua] GM_SCRIPT_MANAGE_FLAG: ZAT_B40_ACTOR_FIND_MER_CAMP 1
[lua] GM_SCRIPT_MANAGE_FLAG: ZAT_B40_WARNING 1
[lua] GM_SCRIPT_MANAGE_FLAG: ZAT_B40_MERC_IN_COMBAT 1
[lua] GM_SCRIPT_MANAGE_FLAG: ZAT_B40_CALL_TO_FIGHT_SAD 1
[lua] GM_SCRIPT_MANAGE_FLAG: ZAT_B40_MERC_COMBAT_FIND_ACTOR 1
sim_default_killer_07362 killed by Flork ...
sim_default_killer_17309 killed by Lycur ...
sim_default_killer_17269 killed by Flork ...
sim_default_killer_07349 killed by Lycur ...
sim_default_killer_07336 killed by Flork ...
sim_default_killer_17294 killed by Flork ...
sim_default_killer_07323 killed by Lycur ...
zat_b40_merc_squad_leader_27249 killed by Flork ...
zat_b40_merc_squad_leader_17232 killed by Lycur ...
[lua] GM_SCRIPT_MANAGE_FLAG: ZAT_B40_GUARD_LEADER_01_SERCHD 1
[lua] GM_SCRIPT_MANAGE_FLAG: ZAT_B40_GUARD_LEADER_02_SERCHD 1
sim_default_killer_17282 killed by Lycur ...
[lua] GM_SCRIPT_MANAGE_FLAG: ZAT_B40_ACTOR_HAS_NOTEBOOK 1
sim_default_bandit_116851 killed by sim_default_bandit_014328 ...
sim_default_bandit_216865 killed by sim_default_bandit_216972 ...
sim_default_stalker_114356 killed by sim_default_bandit_216960 ...
sim_default_stalker_014386 killed by sim_default_bandit_216972 ...
[lua] GM_SCRIPT_MANAGE_FLAG: ZAT_B29_AF_16 0
[lua] GM_SCRIPT_MANAGE_FLAG: ZAT_B29_AF_20 0
[lua] GM_SCRIPT_MANAGE_FLAG: ZAT_B29_AF_20 1
[lua] GM_SCRIPT_MANAGE_FLAG: ZAT_B29_AF_19 1
sim_default_stalker_014372 killed by sim_default_bandit_216960 ...
[Владыка серверный] Received Info [zat_b54_visited]
sim_default_bandit_214238 killed by Flork ...
sim_default_bandit_114251 killed by Flork ...
sim_default_bandit_014317 killed by Flork ...
sim_default_bandit_116987 killed by Lycur ...
sim_default_bandit_014328 killed by Flork ...
flesh_normal6490 killed by pseudodog_normal12154 ...
sim_default_bandit_216972 killed by Lycur ...
sim_default_bandit_216960 killed by Flork ...
boar_strong15631 killed by sim_default_bandit_017195 ...
flesh_normal15633 killed by pseudodog_normal12154 ...
sim_default_bandit_017209 killed by boar_strong15632 ...
boar_strong15632 killed by sim_default_bandit_017195 ...
sim_default_bandit_017195 killed by pseudodog_normal12391 ...
sim_default_bandit_116720 killed by Flork ...
sim_default_bandit_316733 killed by Lycur ...
sim_default_bandit_214156 killed by Lycur ...
sim_default_bandit_214184 killed by Flork ...
sim_default_bandit_114171 killed by Lycur ...
boar_normal10784 killed by Lycur ...
[Владыка серверный] Received Info [zat_b56_visited]
Lycur killed by zaton_b56_zone_field_thermal_average ...
[lua] loadLastSave
[lua] GM_SCRIPT_MANAGE_FLAG: LOAD_LAST_SAVE 1
[lua] GM_SCRIPT_MANAGE_FLAG: LOAD_LAST_SAVE 1
- Disconnect
CLevel::remove_objects - Start
CLevel::remove_objects - End
~~~ Disconnect
- Destroying level
*  0.0 : [  61] $null
*  0.0 : [   3] $user$accum
*  0.0 : [   1] $user$accum_temp
*  0.0 : [   6] $user$albedo
*  0.0 : [   6] $user$bloom1
*  0.0 : [   2] $user$bloom2
*  0.0 : [   2] $user$cmap0
*  0.0 : [   2] $user$cmap1
*  0.0 : [   2] $user$env_s0
*  0.0 : [   2] $user$env_s1
*  0.0 : [   7] $user$generic0
*  0.0 : [   5] $user$generic1
*  0.0 : [   1] $user$generic2
*  0.0 : [   1] $user$jitter_0
*  0.0 : [   1] $user$jitter_1
*  0.0 : [   1] $user$jitter_2
*  0.0 : [   1] $user$jitter_3
*  0.0 : [   1] $user$jitter_4
*  0.0 : [   2] $user$lum_t64
*  0.0 : [   3] $user$lum_t8
*  0.0 : [   1] $user$luminance_0
*  0.0 : [   1] $user$luminance_1
*  0.0 : [   1] $user$luminance_2
*  0.0 : [   1] $user$luminance_3
*  0.0 : [   8] $user$material
*  0.0 : [  12] $user$normal
*  0.0 : [  12] $user$position
*  0.0 : [   2] $user$postprocess
*  0.0 : [  10] $user$scope
*  0.0 : [   1] $user$sky0
*  0.0 : [   1] $user$sky1
*  0.0 : [   4] $user$smap_depth
*  0.0 : [   3] $user$smap_surf
*  0.0 : [  10] $user$tonemap
*  0.0 : [   2] $user$tonemap_src
*  0.0 : [   2] $user$ui
*  0.0 : [   1] prop\prop_lampa_g
*  0.0 : [   1] prop\prop_lampa_g_red2
*  0.3 : [   1] prop\prop_provod_02
*  0.4 : [   1] fx\fx_flare1
*  0.4 : [   1] ui\ui_console
*  0.7 : [   2] mtl\mtl_bochka_02
*  0.8 : [   1] grad\grad_psi
*  0.8 : [   1] grad\grad_thermal
*  0.8 : [   1] grad\grad_thermal_mine
*  1.3 : [   2] act\act_stalker_head_glass_02
*  1.3 : [   1] wpn\wpn_grenade_bump
*  1.3 : [   1] wpn\wpn_grenade_bump#
*  1.4 : [   1] pfx\pfx_spark_01
*  1.4 : [   1] item\item_key_1
*  1.4 : [   1] artifact\artifact_glow
*  1.4 : [   1] fx\fx_flare2
*  1.4 : [   1] fx\fx_flare3
*  1.4 : [   1] fx\fx_gradient
*  1.4 : [   1] fx\fx_rain
*  1.4 : [   1] fx\fx_sun_rise
*  1.4 : [   1] glow\glow_orange2
*  1.4 : [   1] wm\wm_bullet_asfalt_1
*  1.4 : [   1] wm\wm_bullet_asfalt_2
*  1.4 : [   1] wm\wm_bullet_asfalt_3
*  1.4 : [   1] wm\wm_bullet_brick_1
*  1.4 : [   1] wm\wm_bullet_brick_2
*  1.4 : [   1] wm\wm_bullet_concrete
*  1.4 : [   1] wm\wm_bullet_concrete_1
*  1.4 : [   1] wm\wm_bullet_concrete_2
*  1.4 : [   1] wm\wm_bullet_concrete_4
*  1.4 : [   1] wm\wm_bullet_concrete_5
*  1.4 : [   1] wm\wm_bullet_concrete_6
*  1.4 : [   1] wm\wm_bullet_concrete_7
*  1.4 : [   1] wm\wm_bullet_ground
*  1.4 : [   1] wm\wm_bullet_ground_1
*  1.4 : [   1] wm\wm_bullet_ground_2
*  1.4 : [   1] wm\wm_bullet_metall_thik
*  1.4 : [   1] wm\wm_bullet_metall_thik_1
*  1.4 : [   1] wm\wm_bullet_metall_thik_2
*  1.4 : [   1] wm\wm_bullet_metall_thik_3
*  1.4 : [   1] wm\wm_bullet_metall_thin
*  1.4 : [   1] wm\wm_bullet_metall_thin_1
*  1.4 : [   1] wm\wm_bullet_metall_thin_2
*  1.4 : [   1] wm\wm_bullet_metall_thin_3
*  1.4 : [   1] wm\wm_bullet_metall_thin_4
*  1.4 : [   1] wm\wm_bullet_wood
*  1.4 : [   1] wm\wm_bullet_wood_1
*  1.4 : [   1] wm\wm_bullet_wood_2
*  1.4 : [   1] wm\wm_bullet_wood_3
*  1.4 : [   1] wm\wm_bullet_wood_4
*  1.4 : [   1] wm\wm_bullet_wood_5
*  1.4 : [   1] wm\wm_bullet_wood_6
*  1.4 : [   1] wm\wm_bullet_wood_7
*  1.4 : [   1] wm\wm_bullet_wood_8
*  1.4 : [   1] wm\wm_bullet_wood_9
*  1.4 : [   1] wpn\pkm\pkm_bump
*  1.4 : [   1] wpn\pkm\pkm_bump#
*  2.1 : [   1] grad\grad_steam_mine
*  2.1 : [   1] ui\ui_member_voice_anim
*  2.7 : [   1] act\act_stalker_head_glass
*  2.7 : [   2] mtl\mtl_ventil_pod_01
*  2.7 : [   2] prop\prop_box_3
*  2.7 : [   1] prop\prop_elec_kran
*  2.7 : [   2] prop\prop_electricalunit3
*  2.7 : [   1] prop\prop_fake_bed_fireplace
*  2.7 : [   2] prop\prop_kanistra
*  2.7 : [   2] prop\prop_teapot_1
*  2.7 : [   1] act\act_pseudodog_fur
*  2.7 : [   1] act\act_pseudodog_fur1
*  2.7 : [   1] prop\prop_lampa_galogen
*  2.7 : [   1] pfx\pfx_step_blood
*  2.7 : [   1] wpn\glock17_internals
*  2.7 : [   1] item\item_key_1_bump
*  2.7 : [   1] item\item_key_1_bump#
*  3.0 : [   1] artifact\artifact_anim_dist
*  3.1 : [   5] sky\sky_12_vibros_cube#small
*  3.1 : [  26] sky\sky_13_cube#small
*  3.1 : [  18] sky\sky_13_cube_night#small
*  3.1 : [  12] sky\sky_13_vibros_cube#small
*  3.1 : [  11] sky\sky_14_cube#small
*  3.1 : [   4] sky\sky_17_clouds_cube#small
*  3.1 : [   5] sky\sky_17_cube#small
*  3.1 : [   9] sky\sky_18_cube#small
*  3.1 : [  14] sky\sky_19_cube#small
*  3.1 : [   5] sky\sky_1_clouds_cube#small
*  3.1 : [   4] sky\sky_20_clouds_cube#small
*  3.1 : [   5] sky\sky_20_cube#small
*  3.1 : [   4] sky\sky_2_clouds_cube#small
*  3.1 : [   5] sky\sky_2_cube#small
*  3.1 : [  16] sky\sky_3_cube#small
*  3.1 : [   4] sky\sky_4_cube#small
*  3.1 : [  35] sky\sky_5_cube#small
*  3.1 : [  10] sky\sky_6_cube#small
*  3.1 : [  14] sky\sky_7_cube#small
*  3.1 : [  10] sky\sky_8_cube#small
*  3.1 : [  55] sky\sky_9_cube#small
*  4.1 : [   1] ui\cursor
*  4.1 : [   1] ui\ui_squad_member
*  4.1 : [   1] wpn\zero_alpha
*  5.3 : [   1] act\act_controller_hit1
*  5.3 : [   1] act\act_stalker_head_glass_01
*  5.3 : [   1] act\act_stalker_head_glass_02_bump
*  5.3 : [   1] act\act_stalker_head_glass_02_bump#
*  5.3 : [   1] act\act_stalker_head_glass_bump
*  5.3 : [   1] act\act_stalker_head_glass_bump#
*  5.3 : [   2] door\door_kotelna
*  5.3 : [   2] door\door_lift_01
*  5.3 : [   2] door\door_sheet
*  5.3 : [   2] door\door_white_04
*  5.3 : [   2] mtl\mtl_barrel_02
*  5.3 : [   2] mtl\mtl_barrel_04
*  5.3 : [   2] mtl\mtl_barrel_05
*  5.3 : [   2] mtl\mtl_bochka_01_bump
*  5.3 : [   2] mtl\mtl_bochka_01_bump#
*  5.3 : [   2] mtl\mtl_bochka_02_bump
*  5.3 : [   2] mtl\mtl_bochka_02_bump#
*  5.3 : [   2] prop\prop_ballon1
*  5.3 : [   2] prop\prop_ballon2
*  5.3 : [   2] prop\prop_ballon3
*  5.3 : [   1] prop\prop_bottle_box
*  5.3 : [   2] prop\prop_box_3_bump
*  5.3 : [   2] prop\prop_box_3_bump#
*  5.3 : [   2] prop\prop_electricalunit3_bump
*  5.3 : [   2] prop\prop_electricalunit3_bump#
*  5.3 : [   2] prop\prop_kanistra_bump
*  5.3 : [   2] prop\prop_kanistra_bump#
*  5.3 : [   2] prop\prop_teapot_1_bump
*  5.3 : [   2] prop\prop_teapot_1_bump#
*  5.3 : [   1] wpn\wpn_pm_bump
*  5.3 : [   1] wpn\wpn_pm_bump#
*  5.4 : [   1] pfx\pfx_bubble
*  5.4 : [   1] pfx\pfx_flamefx_01
*  5.4 : [   1] pfx\pfx_leaves_01
*  5.4 : [   1] pfx\pfx_leaves_02
*  5.4 : [   1] pfx\pfx_splash3
*  5.4 : [   1] pfx\pfx_splash_02
*  5.4 : [   1] pfx\pfx_synus
*  5.4 : [   1] pfx\pfx_vehmetaldebris_01
*  5.4 : [   1] wpn\ammo_5x45
*  5.4 : [   1] fx\fx_gradient1
*  5.4 : [   1] fx\fx_rainsplash1
*  5.4 : [   1] fx\fx_snow
*  5.4 : [   1] fx\fx_sun
*  5.4 : [   1] fx\fx_volumefog1
*  5.4 : [   1] glow\glow_04
*  5.4 : [   1] glow\glow_fire1
*  5.4 : [   1] wm\wm_blood_1
*  5.4 : [   1] wm\wm_blood_1_1
*  5.4 : [   1] wm\wm_blood_1_2
*  5.4 : [   1] wm\wm_blood_1_3
*  5.4 : [   1] wm\wm_blood_2
*  5.4 : [   1] wm\wm_blood_3
*  5.4 : [   1] wm\wm_blood_drop_1
*  5.4 : [   1] wm\wm_blood_drop_2
*  5.4 : [   1] wm\wm_blood_drop_3
*  5.4 : [   1] wm\wm_blood_drop_4
*  5.4 : [   1] wm\wm_grenade
*  5.4 : [   1] wm\wm_knife_dead
*  5.4 : [   1] wm\wm_knife_horiz
*  5.4 : [   1] wm\wm_knife_horiz_blood
*  5.4 : [   1] wm\wm_knife_wood
*  5.4 : [   1] wm\wm_knife_wood1
*  5.4 : [   1] wm\wm_knife_wood2
*  5.4 : [   1] glow\glow_galogen
*  6.1 : [   1] sky\af3_foggy\06-00#small
*  6.1 : [   1] sky\af3_foggy\07-00#small
*  6.1 : [   3] sky\af3_foggy\09-00#small
*  6.1 : [   7] sky\af3_foggy\10-00#small
*  6.1 : [   2] sky\af3_foggy\11-00#small
*  6.1 : [   2] sky\af3_foggy\12-00#small
*  6.1 : [   8] sky\af3_foggy\13-00#small
*  6.1 : [   2] sky\af3_foggy\14-00#small
*  6.1 : [   3] sky\af3_foggy\15-00#small
*  6.1 : [   2] sky\af3_foggy\16-00#small
*  6.1 : [   2] sky\af3_foggy\17-00#small
*  6.1 : [   6] sky\af3_foggy\18-00#small
*  6.1 : [   2] sky\af3_foggy\19-00#small
*  6.1 : [   2] sky\af3_foggy\20-00#small
* 10.7 : [   2] act\act_dog_red
* 10.7 : [   2] act\act_dogs_big
* 10.7 : [   2] act\act_dogs_brown
* 10.7 : [   2] act\act_dogs_bulterer
* 10.7 : [   1] act\act_face_soldier_01
* 10.7 : [   2] act\act_poltergeyst
* 10.7 : [   2] act\act_pseudodog
* 10.7 : [   1] act\act_rat01
* 10.7 : [   1] act\act_ryukzak
* 10.7 : [   1] act\act_ryukzak_black
* 10.7 : [   1] act\act_ryukzak_brown
* 10.7 : [   1] act\act_ryukzak_green
* 10.7 : [   1] act\act_stalker_head_antigas_2
* 10.7 : [   2] door\door_katakomb_01
* 10.7 : [   2] door\door_ship_metall
* 10.7 : [   2] door\door_white_02
* 10.7 : [   2] mtl\mtl_bochka_01
* 10.7 : [   1] mtl\mtl_lampa_pod_01
* 10.7 : [   2] mtl\mtl_pod_01
* 10.7 : [   2] prop\prop_blind01
* 10.7 : [   2] prop\prop_dangerbox_2
* 10.7 : [   2] prop\prop_el_shkaf_01
* 10.7 : [   2] prop\prop_freez
* 10.7 : [   1] prop\prop_kitchen_stuff
* 10.7 : [   2] prop\prop_plita
* 10.7 : [   2] prop\prop_spade
* 10.7 : [   2] door\door_kotelna_bump
* 10.7 : [   2] door\door_kotelna_bump#
* 10.7 : [   2] door\door_sheet_bump
* 10.7 : [   2] door\door_sheet_bump#
* 10.7 : [   2] door\door_white_04_bump
* 10.7 : [   2] door\door_white_04_bump#
* 10.7 : [   1] glas\glas_dirt
* 10.7 : [   6] mtl\mtl_barrel_bump
* 10.7 : [   6] mtl\mtl_barrel_bump#
* 10.7 : [   2] mtl\mtl_truba_pod_01
* 10.7 : [   2] mtl\mtl_truba_pod_02
* 10.7 : [   2] prop\prop_ballon1_bump
* 10.7 : [   2] prop\prop_ballon1_bump#
* 10.7 : [   2] prop\prop_ballon2_bump
* 10.7 : [   2] prop\prop_ballon2_bump#
* 10.7 : [   2] prop\prop_ballon3_bump
* 10.7 : [   2] prop\prop_ballon3_bump#
* 10.7 : [   1] pfx\pfx_concretedebris_01
* 10.7 : [   1] artifact\artifact_mincer_meat
* 10.7 : [   1] artifact\artifact_myasorubka2
* 10.7 : [   1] artifact\artifact_myasorubka3
* 10.7 : [   1] fx\fx_noise
* 10.7 : [   1] item\item_document_01
* 10.7 : [   1] item\item_food
* 10.7 : [   1] item\item_small_tools
* 10.7 : [   1] prop\prop_speakerphone
* 10.7 : [   1] wpn\ammo_45acp
* 10.7 : [   1] wpn\ammo_57x28
* 10.7 : [   1] wpn\ammo_5x56
* 10.7 : [   1] wpn\ammo_7-62x54
* 10.7 : [   1] wpn\ammo_9x19
* 10.7 : [   1] wpn\ammo_9x39
* 10.7 : [   1] wpn\wpn_saiga12_dtk
* 10.7 : [   1] wpn\wpn_saiga12_supressor
* 10.7 : [   1] artifact\artifact_fire_light
* 10.7 : [   1] lights\lights_cone_handing_lamp
* 10.7 : [   1] wm\wm_knife_horiz_blood1
* 10.7 : [   1] wm\wm_knife_horiz_metal
* 10.7 : [   1] wm\wm_knife_horiz_ston
* 10.7 : [   1] wpn\ammo_5x45_bump
* 10.7 : [   1] wpn\ammo_5x45_bump#
* 10.7 : [   1] fx\fx_lightning
* 10.7 : [   1] pfx\pfx_laser_beam
* 10.7 : [   1] pfx\pfx_laser_beam_green
* 13.3 : [   1] artifact\artifact_lava
* 16.1 : [   1] item\item_detector_2_indicator
* 16.1 : [   1] ui\ui_font_arial_14_1024
* 16.1 : [   1] ui\ui_grid
* 16.1 : [   1] ui\ui_voice_anim
* 21.3 : [   1] act\act_face_01
* 21.3 : [   1] act\act_face_04
* 21.3 : [   1] act\act_face_08
* 21.3 : [   1] act\act_face_mask_01
* 21.3 : [   1] act\act_face_mask_02
* 21.3 : [   1] act\act_face_mask_03
* 21.3 : [   1] act\act_face_mask_04
* 21.3 : [   1] act\act_face_painted_01
* 21.3 : [   1] act\act_face_zombie_01
* 21.3 : [   1] act\act_faces_1_01
* 21.3 : [   1] act\act_faces_1_03
* 21.3 : [   1] act\act_faces_1_05
* 21.3 : [   1] act\act_faces_1_07
* 21.3 : [   1] act\act_faces_1_08
* 21.3 : [   1] act\act_faces_2_01
* 21.3 : [   1] act\act_faces_2_02
* 21.3 : [   1] act\act_faces_2_03
* 21.3 : [   1] act\act_faces_2_04
* 21.3 : [   1] act\act_faces_2_05
* 21.3 : [   1] act\act_faces_2_07
* 21.3 : [   1] act\act_faces_2_08
* 21.3 : [   1] act\act_faces_3_01
* 21.3 : [   1] act\act_faces_3_03
* 21.3 : [   1] act\act_faces_3_04
* 21.3 : [   1] act\act_faces_3_06
* 21.3 : [   1] act\act_faces_3_07
* 21.3 : [   1] act\act_faces_4_02
* 21.3 : [   1] act\act_faces_4_03
* 21.3 : [   1] act\act_stalker_freedom_3
* 21.3 : [   1] act\act_stalker_soldier_1
* 21.3 : [   1] act\act_stalker_soldier_2
* 21.3 : [   1] act\act_crow
* 21.3 : [   2] act\act_dog_red_bump
* 21.3 : [   2] act\act_dog_red_bump#
* 21.3 : [   2] act\act_dogs_big_bump
* 21.3 : [   2] act\act_dogs_big_bump#
* 21.3 : [   2] act\act_dogs_brown_bump
* 21.3 : [   2] act\act_dogs_brown_bump#
* 21.3 : [   2] act\act_dogs_bulterer_bump
* 21.3 : [   2] act\act_dogs_bulterer_bump#
* 21.3 : [   1] act\act_face_soldier_01_bump
* 21.3 : [   1] act\act_face_soldier_01_bump#
* 21.3 : [   2] act\act_poltergeyst_bump
* 21.3 : [   2] act\act_poltergeyst_bump#
* 21.3 : [   1] act\act_pseudodog_bump
* 21.3 : [   1] act\act_pseudodog_bump#
* 21.3 : [   1] act\act_rat01_bump
* 21.3 : [   1] act\act_rat01_bump#
* 21.3 : [   4] act\act_ryukzak_bump
* 21.3 : [   4] act\act_ryukzak_bump#
* 21.3 : [   1] act\act_stalker_dolg_3_bump
* 21.3 : [   1] act\act_stalker_dolg_3_bump#
* 21.3 : [   1] act\act_stalker_head_antigas_2_bump
* 21.3 : [   1] act\act_stalker_head_antigas_2_bump#
* 21.3 : [   1] act\act_stalker_soldier_4_bump
* 21.3 : [   1] act\act_stalker_soldier_4_bump#
* 21.3 : [   2] door\door_katakomb_01_bump
* 21.3 : [   2] door\door_katakomb_01_bump#
* 21.3 : [   2] door\door_ship_metall_bump
* 21.3 : [   2] door\door_ship_metall_bump#
* 21.3 : [   2] door\door_white_02_bump
* 21.3 : [   2] door\door_white_02_bump#
* 21.3 : [   2] mtl\mtl_pod_01_bump
* 21.3 : [   2] mtl\mtl_pod_01_bump#
* 21.3 : [   2] mtl\mtl_ventil_pod_01_bump
* 21.3 : [   2] mtl\mtl_ventil_pod_01_bump#
* 21.3 : [   2] prop\prop_blind01_bump
* 21.3 : [   2] prop\prop_blind01_bump#
* 21.3 : [   2] prop\prop_dangerbox_2_bump
* 21.3 : [   2] prop\prop_dangerbox_2_bump#
* 21.3 : [   2] prop\prop_el_shkaf_01_bump
* 21.3 : [   2] prop\prop_el_shkaf_01_bump#
* 21.3 : [   2] prop\prop_freez_bump
* 21.3 : [   2] prop\prop_freez_bump#
* 21.3 : [   1] prop\prop_instrument_1_bump
* 21.3 : [   1] prop\prop_instrument_1_bump#
* 21.3 : [   1] prop\prop_iten4_bump
* 21.3 : [   1] prop\prop_iten4_bump#
* 21.3 : [   1] prop\prop_kitchen_stuff_bump
* 21.3 : [   1] prop\prop_kitchen_stuff_bump#
* 21.3 : [   2] prop\prop_plita_bump
* 21.3 : [   2] prop\prop_plita_bump#
* 21.3 : [   2] prop\prop_spade_bump
* 21.3 : [   2] prop\prop_spade_bump#
* 21.3 : [   1] wpn\wpn_protecta_bump
* 21.3 : [   1] wpn\wpn_protecta_bump#
* 21.3 : [   1] wpn\wpn_upgrade_bump
* 21.3 : [   1] wpn\wpn_upgrade_bump#
* 21.3 : [   2] mtl\mtl_truba_ch_02_bump
* 21.3 : [   2] mtl\mtl_truba_ch_02_bump#
* 21.3 : [   2] mtl\mtl_truba_pod_02_bump
* 21.3 : [   2] mtl\mtl_truba_pod_02_bump#
* 21.3 : [   1] pfx\pfx_anomaly_21
* 21.3 : [   1] pfx\pfx_bloodsplash1
* 21.3 : [   1] pfx\pfx_bubble_1
* 21.3 : [   1] pfx\pfx_bubble_water
* 21.3 : [   1] pfx\pfx_dist2
* 21.3 : [   1] pfx\pfx_dist2inv
* 21.3 : [   1] pfx\pfx_dist3
* 21.3 : [   1] pfx\pfx_dist4
* 21.3 : [   1] pfx\pfx_dist7
* 21.3 : [   1] pfx\pfx_dist8
* 21.3 : [   1] pfx\pfx_dist9
* 21.3 : [   1] pfx\pfx_dist_teleport
* 21.3 : [   1] pfx\pfx_distort_anomaly
* 21.3 : [   1] pfx\pfx_distortion
* 21.3 : [   1] pfx\pfx_flame_01
* 21.3 : [   1] pfx\pfx_flash_01
* 21.3 : [   1] pfx\pfx_flash_05
* 21.3 : [   1] pfx\pfx_flash_07
* 21.3 : [   1] pfx\pfx_gologramma
* 21.3 : [   1] pfx\pfx_gradient
* 21.3 : [   1] pfx\pfx_gradient1
* 21.3 : [   1] pfx\pfx_specks
* 21.3 : [   1] pfx\pfx_specks_poison
* 21.3 : [   1] pfx\pfx_spikey_star
* 21.3 : [   1] pfx\pfx_splash_01
* 21.3 : [   1] pfx\pfx_stonedebris1
* 21.3 : [   1] pfx\pfx_stonedebris2
* 21.3 : [   1] pfx\pfx_vehglassdebris_01
* 21.3 : [   1] pfx\pfx_water_wave
* 21.3 : [   1] pfx\pfx_flame
* 21.4 : [   1] item\item_poison_gas
* 21.4 : [   1] wpn\deagle_compensator
* 21.4 : [   1] wpn\deagle_compensator_silver
* 21.4 : [   1] wpn\wpn_hkmp5_rail
* 21.4 : [   1] wpn\wpn_lastochka
* 21.4 : [   1] wpn\wpn_saiga12_handler
* 21.4 : [   1] artifact\artifact_fire
* 21.4 : [   1] artifact\artifact_lighting
* 21.4 : [   1] artifact\artifact_simple2
* 21.4 : [   1] fx\fx_thunderbolts_gradient
* 21.4 : [   1] fx\fx_thunderbolts_gradient_surge
* 21.4 : [   1] glow\glow_ghost
* 21.4 : [   1] glow\glow_orange
* 21.4 : [   1] glow\glow_orange_bright
* 21.4 : [   1] glow\glow_white
* 21.4 : [   1] glow\glow_yellow
* 21.4 : [   1] item\item_small_tools_bump
* 21.4 : [   1] item\item_small_tools_bump#
* 21.4 : [   4] lights\lights_spot01
* 21.4 : [   1] wm\wm_bullet_glass01
* 21.4 : [   1] wm\wm_bullet_glass02
* 21.4 : [   1] wm\wm_bullet_glass03
* 21.4 : [   1] wm\wm_bullet_glass04
* 21.4 : [   1] wpn\ammo_45acp_bump
* 21.4 : [   1] wpn\ammo_45acp_bump#
* 21.4 : [   1] wpn\ammo_57x28_bump
* 21.4 : [   1] wpn\ammo_57x28_bump#
* 21.4 : [   1] wpn\ammo_5x56_bump
* 21.4 : [   1] wpn\ammo_5x56_bump#
* 21.4 : [   1] wpn\ammo_7-62x54_bump
* 21.4 : [   1] wpn\ammo_7-62x54_bump#
* 21.4 : [   1] wpn\ammo_9x19_bump
* 21.4 : [   1] wpn\ammo_9x19_bump#
* 21.4 : [   1] wpn\ammo_9x39_bump
* 21.4 : [   1] wpn\ammo_9x39_bump#
* 21.4 : [   1] wpn\wpn_grenade1
* 21.4 : [   1] wpn\wpn_saiga12_dtk_bump
* 21.4 : [   1] wpn\wpn_saiga12_dtk_bump#
* 21.4 : [   1] wpn\wpn_saiga12_supressor_bump
* 21.4 : [   1] wpn\wpn_saiga12_supressor_bump#
* 32.1 : [   1] ui\ui_font_din_next_14_1024
* 32.1 : [   1] ui\ui_font_din_next_14_bold_1024
* 32.1 : [   1] ui\ui_font_din_next_16_1024
* 32.1 : [   1] ui\ui_font_din_next_16_bold_1024
* 32.1 : [   1] ui\ui_font_din_next_17_1024
* 32.1 : [   1] ui\ui_font_din_next_17_bold_1024
* 32.1 : [   1] ui\ui_font_letter_16_1024
* 32.1 : [   1] ui\ui_font_letter_18_1024
* 33.0 : [   1] ui\ui_ani_cursor
* 42.6 : [   1] act\act_burer
* 42.6 : [   2] act\act_controller
* 42.6 : [   1] act\act_himera
* 42.6 : [   2] act\act_plot
* 42.6 : [   2] act\act_plot_u
* 42.6 : [   2] act\act_plot_weak
* 42.6 : [   2] act\act_pseudodog1
* 42.6 : [   1] act\act_psevdogigant
* 42.6 : [   1] act\act_scientist
* 42.6 : [   1] act\act_scientist_suit_green
* 42.6 : [   1] act\act_scientist_suit_red
* 42.6 : [   1] act\act_stalker_bandit_2
* 42.6 : [   1] act\act_stalker_bandit_3
* 42.6 : [   1] act\act_stalker_bandit_3a
* 42.6 : [   1] act\act_stalker_dolg_1
* 42.6 : [   1] act\act_stalker_dolg_2
* 42.6 : [   1] act\act_stalker_dolg_3
* 42.6 : [   1] act\act_stalker_dolg_4
* 42.6 : [   1] act\act_stalker_freedom_1
* 42.6 : [   1] act\act_stalker_freedom_2
* 42.6 : [   1] act\act_stalker_freedom_4
* 42.6 : [   1] act\act_stalker_freedom_5
* 42.6 : [   1] act\act_stalker_hero
* 42.6 : [   1] act\act_stalker_merc_2
* 42.6 : [   1] act\act_stalker_merc_4
* 42.6 : [   1] act\act_stalker_monolith_1
* 42.6 : [   1] act\act_stalker_monolith_2
* 42.6 : [   1] act\act_stalker_monolith_3
* 42.6 : [   1] act\act_stalker_monolith_4
* 42.6 : [   1] act\act_stalker_neutral_2
* 42.6 : [   1] act\act_stalker_neutral_3
* 42.6 : [   1] act\act_stalker_neutral_4
* 42.6 : [   1] act\act_stalker_soldier_4
* 42.6 : [   1] prop\prop_wooden_crate_1
* 42.6 : [   2] wood\wood_walls8
* 42.6 : [   1] act\act_face_01_bump
* 42.6 : [   1] act\act_face_01_bump#
* 42.6 : [   1] act\act_face_04_bump
* 42.6 : [   1] act\act_face_04_bump#
* 42.6 : [   1] act\act_face_08_bump
* 42.6 : [   1] act\act_face_08_bump#
* 42.6 : [   1] act\act_face_mask_01_bump
* 42.6 : [   1] act\act_face_mask_01_bump#
* 42.6 : [   1] act\act_face_mask_02_bump
* 42.6 : [   1] act\act_face_mask_02_bump#
* 42.6 : [   1] act\act_face_mask_03_bump
* 42.6 : [   1] act\act_face_mask_03_bump#
* 42.6 : [   1] act\act_face_mask_04_bump
* 42.6 : [   1] act\act_face_mask_04_bump#
* 42.6 : [   1] act\act_face_painted_01_bump
* 42.6 : [   1] act\act_face_painted_01_bump#
* 42.6 : [   1] act\act_face_zombie_01_bump
* 42.6 : [   1] act\act_face_zombie_01_bump#
* 42.6 : [   1] act\act_faces_1_01_bump
* 42.6 : [   1] act\act_faces_1_01_bump#
* 42.6 : [   1] act\act_faces_1_03_bump
* 42.6 : [   1] act\act_faces_1_03_bump#
* 42.6 : [   1] act\act_faces_1_05_bump
* 42.6 : [   1] act\act_faces_1_05_bump#
* 42.6 : [   1] act\act_faces_1_07_bump
* 42.6 : [   1] act\act_faces_1_07_bump#
* 42.6 : [   1] act\act_faces_1_08_bump
* 42.6 : [   1] act\act_faces_1_08_bump#
* 42.6 : [   1] act\act_faces_2_01_bump
* 42.6 : [   1] act\act_faces_2_01_bump#
* 42.6 : [   1] act\act_faces_2_02_bump
* 42.6 : [   1] act\act_faces_2_02_bump#
* 42.6 : [   1] act\act_faces_2_03_bump
* 42.6 : [   1] act\act_faces_2_03_bump#
* 42.6 : [   1] act\act_faces_2_04_bump
* 42.6 : [   1] act\act_faces_2_04_bump#
* 42.6 : [   1] act\act_faces_2_05_bump
* 42.6 : [   1] act\act_faces_2_05_bump#
* 42.6 : [   1] act\act_faces_2_07_bump
* 42.6 : [   1] act\act_faces_2_07_bump#
* 42.6 : [   1] act\act_faces_2_08_bump
* 42.6 : [   1] act\act_faces_2_08_bump#
* 42.6 : [   1] act\act_faces_3_01_bump
* 42.6 : [   1] act\act_faces_3_01_bump#
* 42.6 : [   1] act\act_faces_3_03_bump
* 42.6 : [   1] act\act_faces_3_03_bump#
* 42.6 : [   1] act\act_faces_3_04_bump
* 42.6 : [   1] act\act_faces_3_04_bump#
* 42.6 : [   1] act\act_faces_3_06_bump
* 42.6 : [   1] act\act_faces_3_06_bump#
* 42.6 : [   1] act\act_faces_3_07_bump
* 42.6 : [   1] act\act_faces_3_07_bump#
* 42.6 : [   1] act\act_faces_4_02_bump
* 42.6 : [   1] act\act_faces_4_02_bump#
* 42.6 : [   1] act\act_faces_4_03_bump
* 42.6 : [   1] act\act_faces_4_03_bump#
* 42.6 : [   1] act\act_stalker_soldier_1_bump
* 42.6 : [   1] act\act_stalker_soldier_1_bump#
* 42.6 : [   2] act\act_stalker_soldier_2_bump
* 42.6 : [   2] act\act_stalker_soldier_2_bump#
* 42.6 : [   2] door\door_lift_01_bump
* 42.6 : [   2] door\door_lift_01_bump#
* 42.7 : [   2] fx\fx_noise2
* 42.7 : [   1] pfx\pfx_dist_glass3
* 42.7 : [   1] pfx\pfx_smokepuffs2
* 42.7 : [   1] pfx\pfx_sparks
* 42.7 : [   1] act\act_face_soldier_bandan_07
* 42.7 : [   2] item\item_detector_3
* 42.7 : [   1] item\item_detector_4
* 42.7 : [   1] item\item_guitar
* 42.7 : [   1] item\item_medkit
* 42.7 : [   1] item\item_medkit_2
* 42.7 : [   1] item\item_medkit_3
* 42.7 : [   1] item\item_syringe
* 42.7 : [   1] item\item_ustroystva
* 42.7 : [   1] item\item_x_files
* 42.7 : [   1] prop\prop_item2
* 42.7 : [   1] prop\prop_item3
* 42.7 : [   2] prop\prop_iten4
* 42.7 : [   1] prop\prop_pult5
* 42.7 : [   1] wpn\ammo_12x70
* 42.7 : [   1] wpn\ammo_12x70_blue
* 42.7 : [   1] wpn\bolt
* 42.7 : [   1] wpn\deagle_rail
* 42.7 : [   2] wpn\glock17_flash_laser
* 42.7 : [   1] wpn\glock17_magazine
* 42.7 : [   1] wpn\glock18_magazine
* 42.7 : [   1] wpn\silencer_hexagon12
* 42.7 : [   1] wpn\usp_match_supressor
* 42.7 : [   1] wpn\wpn_assault_handler
* 42.7 : [   1] wpn\wpn_mag_saiga12_10rnd
* 42.7 : [   1] wpn\wpn_mag_saiga12_5rnd
* 42.7 : [   1] wpn\wpn_saiga12_bolt
* 42.7 : [   1] wpn\wpn_saiga12_foregrip
* 42.7 : [   1] wpn\wpn_saiga12_stock
* 42.7 : [   1] pfx\pfx_woodchips1
* 42.7 : [   1] pfx\pfx_woodchips3
* 42.7 : [   1] wpn\p90_silencer
* 42.7 : [   1] item\item_poison_gas_bump
* 42.7 : [   1] item\item_poison_gas_bump#
* 42.7 : [   1] pfx\pfx_shells2
* 42.7 : [   1] wpn\deagle_compensator_bump
* 42.7 : [   1] wpn\deagle_compensator_bump#
* 42.7 : [   1] wpn\deagle_compensator_silver_bump
* 42.7 : [   1] wpn\deagle_compensator_silver_bump#
* 42.7 : [   1] wpn\wpn_hkmp5_rail_bump
* 42.7 : [   1] wpn\wpn_hkmp5_rail_bump#
* 42.7 : [   1] wpn\wpn_lastochka_bump
* 42.7 : [   1] wpn\wpn_lastochka_bump#
* 42.7 : [   1] wpn\wpn_saiga12_handler_bump
* 42.7 : [   1] wpn\wpn_saiga12_handler_bump#
* 48.1 : [   3] sky\sky_cube_weapons
* 64.1 : [   1] fx\fx_sun_fog
* 64.1 : [   1] fx\fx_sun_halo
* 64.1 : [   1] ui\ui_font_console_02
* 64.1 : [   1] ui\ui_font_din_next_20_bold_1024
* 64.1 : [   1] ui\ui_font_din_next_23_bold_1024
* 64.1 : [   1] ui\ui_font_din_next_28_bold_1024
* 64.1 : [   1] ui\ui_font_graff_19_1024
* 64.1 : [   1] ui\ui_font_graff_22_1024
* 64.1 : [   1] ui\ui_font_hud_01
* 85.2 : [   3] act\act_arm_1_exo_bump
* 85.2 : [   3] act\act_arm_1_exo_bump#
* 85.2 : [   1] act\act_burer_bump
* 85.2 : [   1] act\act_burer_bump#
* 85.2 : [   2] act\act_controller_bump
* 85.2 : [   2] act\act_controller_bump#
* 85.2 : [   1] act\act_gasmask_bump
* 85.2 : [   1] act\act_gasmask_bump#
* 85.2 : [   2] act\act_gasmask_weak_bump
* 85.2 : [   2] act\act_gasmask_weak_bump#
* 85.2 : [   1] act\act_himera_bump
* 85.2 : [   1] act\act_himera_bump#
* 85.2 : [   3] act\act_krovosos_1
* 85.2 : [   8] act\act_krovosos_1_bump
* 85.2 : [   8] act\act_krovosos_1_bump#
* 85.2 : [   3] act\act_krovosos_2
* 85.2 : [   3] act\act_krovosos_3
* 85.2 : [   2] act\act_mutant_boar
* 85.2 : [   2] act\act_mutant_boar_bump
* 85.2 : [   2] act\act_mutant_boar_bump#
* 85.2 : [   2] act\act_mutant_boar_u
* 85.2 : [   1] act\act_mutant_boar_u_bump
* 85.2 : [   1] act\act_mutant_boar_u_bump#
* 85.2 : [   4] act\act_plot_bump
* 85.2 : [   4] act\act_plot_bump#
* 85.2 : [   2] act\act_plot_u_bump
* 85.2 : [   2] act\act_plot_u_bump#
* 85.2 : [   1] act\act_pseudodog1_bump
* 85.2 : [   1] act\act_pseudodog1_bump#
* 85.2 : [   1] act\act_psevdogigant_bump
* 85.2 : [   1] act\act_psevdogigant_bump#
* 85.2 : [   1] act\act_scientist_bump
* 85.2 : [   1] act\act_scientist_bump#
* 85.2 : [   2] act\act_scientist_suit_bump
* 85.2 : [   2] act\act_scientist_suit_bump#
* 85.2 : [   2] act\act_stalker_bandit_2_bump
* 85.2 : [   2] act\act_stalker_bandit_2_bump#
* 85.2 : [   1] act\act_stalker_bandit_3_bump
* 85.2 : [   1] act\act_stalker_bandit_3_bump#
* 85.2 : [   1] act\act_stalker_bandit_3a_bump
* 85.2 : [   1] act\act_stalker_bandit_3a_bump#
* 85.2 : [   3] act\act_stalker_dolg_1_bump
* 85.2 : [   3] act\act_stalker_dolg_1_bump#
* 85.2 : [   1] act\act_stalker_dolg_2_bump
* 85.2 : [   1] act\act_stalker_dolg_2_bump#
* 85.2 : [   6] act\act_stalker_dolg_4_bump
* 85.2 : [   6] act\act_stalker_dolg_4_bump#
* 85.2 : [   1] act\act_stalker_freedom_1_bump
* 85.2 : [   1] act\act_stalker_freedom_1_bump#
* 85.2 : [   1] act\act_stalker_freedom_2_bump
* 85.2 : [   1] act\act_stalker_freedom_2_bump#
* 85.2 : [   4] act\act_stalker_hero_bump
* 85.2 : [   4] act\act_stalker_hero_bump#
* 85.2 : [   1] act\act_stalker_monolith_1_bump
* 85.2 : [   1] act\act_stalker_monolith_1_bump#
* 85.2 : [   1] act\act_stalker_monolith_2_bump
* 85.2 : [   1] act\act_stalker_monolith_2_bump#
* 85.2 : [   1] act\act_stalker_nebo_1_bump
* 85.2 : [   1] act\act_stalker_nebo_1_bump#
* 85.2 : [   1] act\act_stalker_nebo_2_bump
* 85.2 : [   1] act\act_stalker_nebo_2_bump#
* 85.2 : [   1] act\act_stalker_nebo_3_bump
* 85.2 : [   1] act\act_stalker_nebo_3_bump#
* 85.2 : [   1] act\act_stalker_neutral_2_bump
* 85.2 : [   1] act\act_stalker_neutral_2_bump#
* 85.2 : [   1] prop\prop_wooden_crate_1_bump
* 85.2 : [   1] prop\prop_wooden_crate_1_bump#
* 85.2 : [   2] wood\wood_walls8_bump
* 85.2 : [   2] wood\wood_walls8_bump#
* 85.3 : [   1] pfx\pfx_ani-smoke-01
* 85.3 : [   1] pfx\pfx_anomaly_1
* 85.3 : [   1] pfx\pfx_anomaly_10
* 85.3 : [   1] pfx\pfx_anomaly_16
* 85.3 : [   1] pfx\pfx_anomaly_18
* 85.3 : [   1] pfx\pfx_anomaly_19
* 85.3 : [   1] pfx\pfx_anomaly_3
* 85.3 : [   1] pfx\pfx_anomaly_4
* 85.3 : [   1] pfx\pfx_anomaly_5
* 85.3 : [   1] pfx\pfx_anomaly_6
* 85.3 : [   1] pfx\pfx_anomaly_8
* 85.3 : [   1] pfx\pfx_anomaly_88
* 85.3 : [   1] pfx\pfx_anomaly_9
* 85.3 : [   1] pfx\pfx_bloodsplash2
* 85.3 : [   1] pfx\pfx_blurry_cloud
* 85.3 : [   1] pfx\pfx_brick
* 85.3 : [   1] pfx\pfx_light1
* 85.3 : [   1] pfx\pfx_light3
* 85.3 : [   1] pfx\pfx_light4
* 85.3 : [   1] pfx\pfx_lightning_01
* 85.3 : [   1] pfx\pfx_lightning_02
* 85.3 : [   1] pfx\pfx_ligth_6
* 85.3 : [   1] pfx\pfx_plasma
* 85.3 : [   1] pfx\pfx_skinsplash1
* 85.3 : [   1] pfx\pfx_smoke_a
* 85.3 : [   1] pfx\pfx_smoke_b
* 85.3 : [   1] pfx\pfx_teleport
* 85.3 : [   1] pfx\pfx_test_textures
* 85.3 : [   1] wpn\glock17_slide
* 85.3 : [   1] wpn\glock18_slide
* 85.3 : [   1] wpn\wpn_mag_5x56_60rnd
* 85.3 : [   1] wpn\wpn_saiga12_cover
* 85.3 : [   1] act\act_face_soldier_bandan_07_bump
* 85.3 : [   1] act\act_face_soldier_bandan_07_bump#
* 85.3 : [   1] detail\detail_fabric_det2
* 85.3 : [   6] detail\detail_metall_det1
* 85.3 : [   3] detail\detail_metall_det2
* 85.3 : [   5] detail\detail_metall_det3
* 85.3 : [  13] detail\detail_skin_1
* 85.3 : [   1] detail\detail_stucco_det1
* 85.3 : [   2] detail\detail_wood_det2
* 85.3 : [   1] item\item_anabiotic_bump
* 85.3 : [   1] item\item_anabiotic_bump#
* 85.3 : [   2] item\item_antirad
* 85.3 : [   1] item\item_antirad_bump
* 85.3 : [   1] item\item_antirad_bump#
* 85.3 : [   2] item\item_detector_3_bump
* 85.3 : [   2] item\item_detector_3_bump#
* 85.3 : [   3] item\item_medkit_bump
* 85.3 : [   3] item\item_medkit_bump#
* 85.3 : [   1] item\item_syringe_bump
* 85.3 : [   1] item\item_syringe_bump#
* 85.3 : [   1] map\map_labx8
* 85.3 : [   2] prop\prop_instrument_1
* 85.3 : [   3] wpn\ammo_12x70_bump
* 85.3 : [   3] wpn\ammo_12x70_bump#
* 85.3 : [   1] wpn\ammo_12x70_green
* 85.3 : [   1] wpn\bolt_bump
* 85.3 : [   1] wpn\bolt_bump#
* 85.3 : [   1] wpn\deagle_rail_bump
* 85.3 : [   1] wpn\deagle_rail_bump#
* 85.3 : [   1] wpn\glock17_flash_laser_bump
* 85.3 : [   1] wpn\glock17_flash_laser_bump#
* 85.3 : [   1] wpn\glock17_magazine_bump
* 85.3 : [   1] wpn\glock17_magazine_bump#
* 85.3 : [   1] wpn\glock18_magazine_bump
* 85.3 : [   1] wpn\glock18_magazine_bump#
* 85.3 : [   1] wpn\insight_x2_bump
* 85.3 : [   1] wpn\insight_x2_bump#
* 85.3 : [   1] wpn\silencer_45_bump
* 85.3 : [   1] wpn\silencer_45_bump#
* 85.3 : [   1] wpn\silencer_918_bump
* 85.3 : [   1] wpn\silencer_918_bump#
* 85.3 : [   1] wpn\silencer_918smg_bump
* 85.3 : [   1] wpn\silencer_918smg_bump#
* 85.3 : [   1] wpn\silencer_hexagon12_bump
* 85.3 : [   1] wpn\silencer_hexagon12_bump#
* 85.3 : [   1] wpn\silencer_pbs4_bump
* 85.3 : [   1] wpn\silencer_pbs4_bump#
* 85.3 : [   1] wpn\silencer_sfn57_bump
* 85.3 : [   1] wpn\silencer_sfn57_bump#
* 85.3 : [   1] wpn\silencer_svd_bump
* 85.3 : [   1] wpn\silencer_svd_bump#
* 85.3 : [   1] wpn\usp_match_supressor_bump
* 85.3 : [   1] wpn\usp_match_supressor_bump#
* 85.3 : [   1] wpn\wpn_aksu_foregrip_bump
* 85.3 : [   1] wpn\wpn_aksu_foregrip_bump#
* 85.3 : [   1] wpn\wpn_assault_handler_bump
* 85.3 : [   1] wpn\wpn_assault_handler_bump#
* 85.3 : [   1] wpn\wpn_gauss_mag_bump
* 85.3 : [   1] wpn\wpn_gauss_mag_bump#
* 85.3 : [   1] wpn\wpn_mag_saiga12_10rnd_bump
* 85.3 : [   1] wpn\wpn_mag_saiga12_10rnd_bump#
* 85.3 : [   1] wpn\wpn_mag_saiga12_5rnd_bump
* 85.3 : [   1] wpn\wpn_mag_saiga12_5rnd_bump#
* 85.3 : [   1] wpn\wpn_pm
* 85.3 : [   1] wpn\wpn_saiga12_bolt_bump
* 85.3 : [   1] wpn\wpn_saiga12_bolt_bump#
* 85.3 : [   1] wpn\wpn_saiga12_foregrip_bump
* 85.3 : [   1] wpn\wpn_saiga12_foregrip_bump#
* 85.3 : [   1] wpn\wpn_saiga12_stock_bump
* 85.3 : [   1] wpn\wpn_saiga12_stock_bump#
* 85.3 : [   2] detail\detail_metall_det2_v2
* 85.3 : [   1] wpn\p90_silencer_bump
* 85.3 : [   1] wpn\p90_silencer_bump#
* 106.9 : [   1] artifact\artifact_lavahell1
* 128.1 : [   1] ui\ui_font_din_next_36_bold_1024
* 128.1 : [   1] ui\ui_font_din_next_40_bold_1024
* 128.1 : [   1] ui\ui_font_graff_32_1024
* 128.1 : [   1] ui\ui_font_letter_25_1024
* 170.4 : [   1] act\act_gasmask
* 170.4 : [   1] act\act_stalker_bandit_1
* 170.4 : [   1] act\act_stalker_nebo_1
* 170.4 : [   1] act\act_stalker_nebo_2
* 170.4 : [   1] act\act_stalker_nebo_3
* 170.4 : [   1] act\act_stalker_neutral_1
* 170.4 : [   1] act\act_stalker_neutral_1a
* 170.4 : [   5] act\act_arm_1_bump
* 170.4 : [   5] act\act_arm_1_bump#
* 170.6 : [   1] pfx\pfx_anomaly_2
* 170.6 : [   1] pfx\pfx_anomaly_23
* 170.6 : [   1] pfx\pfx_anomaly_2_green
* 170.6 : [   1] pfx\pfx_anomaly_7
* 170.6 : [   1] pfx\pfx_concretepuffs_01
* 170.6 : [   1] pfx\pfx_lighting_stancia_01
* 170.6 : [   1] pfx\pfx_lighting_stancia_02
* 170.6 : [   1] pfx\pfx_shells1
* 170.6 : [   1] pfx\pfx_smokepuffs1
* 170.6 : [   1] act\cod_bo2_stalker_gloves
* 170.6 : [   1] act\cod_bo2_stalker_sleeves
* 170.6 : [   1] item\item_anabiotic
* 170.6 : [   1] item\item_bandage
* 170.6 : [   1] item\item_drug_blue
* 170.6 : [   1] item\item_drug_red
* 170.6 : [   1] item\item_drug_white
* 170.6 : [   1] item\item_drug_yellow
* 170.6 : [   1] item\item_energy
* 170.6 : [   1] item\item_energy_nonstop
* 170.6 : [   1] item\item_hercules
* 170.6 : [   1] item\item_pda_screen
* 170.6 : [   1] item\item_pda_screen_world
* 170.6 : [   1] ui\ui_global_map
* 170.6 : [   1] wpn\f1
* 170.6 : [   1] wpn\flashbang_body
* 170.6 : [   1] wpn\flashbang_fuse
* 170.6 : [   1] wpn\glock17_frame
* 170.6 : [   2] wpn\insight_x2
* 170.6 : [   2] wpn\mini_klesh
* 170.6 : [   2] wpn\p90_flashlight
* 170.6 : [   1] wpn\rdgm
* 170.6 : [   1] wpn\rgd5
* 170.6 : [   1] wpn\rgn
* 170.6 : [   1] wpn\rgo
* 170.6 : [   1] wpn\silencer_45
* 170.6 : [   1] wpn\silencer_556
* 170.6 : [   1] wpn\silencer_918
* 170.6 : [   1] wpn\silencer_918smg
* 170.6 : [   1] wpn\silencer_pbs4
* 170.6 : [   1] wpn\silencer_sfn57
* 170.6 : [   1] wpn\silencer_svd
* 170.6 : [   1] wpn\silencer_tgpa
* 170.6 : [   1] wpn\sr1m_silencer
* 170.6 : [   1] wpn\usp_match
* 170.6 : [   1] wpn\wpn_aksu_foregrip
* 170.6 : [   1] wpn\wpn_ammo
* 170.6 : [   1] wpn\wpn_anpeq16a
* 170.6 : [   1] wpn\wpn_flashassault
* 170.6 : [   1] wpn\wpn_gauss_mag
* 170.6 : [   1] wpn\wpn_gp25
* 170.6 : [   1] wpn\wpn_hkmp5_handguard_rail
* 170.6 : [   1] wpn\wpn_hkmp5_stock
* 170.6 : [   1] wpn\wpn_knife_ak74
* 170.6 : [   1] wpn\wpn_knife_kcb
* 170.6 : [   1] wpn\wpn_knife_l3a1
* 170.6 : [   1] wpn\wpn_knife_nsak
* 170.6 : [   1] wpn\wpn_knife_ots04
* 170.6 : [   1] wpn\wpn_l85a2_ironsight
* 170.6 : [   1] wpn\wpn_l85a2_picatiny
* 170.6 : [   1] wpn\wpn_l85a2_tac_handler
* 170.6 : [   1] wpn\wpn_laserassault
* 170.6 : [   1] wpn\wpn_m203_ironsight
* 170.6 : [   1] wpn\wpn_m433hedp
* 170.6 : [   1] wpn\wpn_mag_5x45_30rnd_backelite
* 170.6 : [   1] wpn\wpn_mag_5x45_30rnd_black
* 170.6 : [   1] wpn\wpn_mag_5x45_45rnd_backelite
* 170.6 : [   1] wpn\wpn_mag_5x45_45rnd_black
* 170.6 : [   1] wpn\wpn_mag_5x45_60rnd
* 170.6 : [   1] wpn\wpn_mag_5x56_40rnd
* 170.6 : [   1] wpn\wpn_mag_mp5sd
* 170.6 : [   1] wpn\wpn_ots14_scope
* 170.6 : [   1] wpn\wpn_protecta
* 170.6 : [   1] wpn\wpn_rpg-7_grenade
* 170.6 : [   1] wpn\wpn_saiga12
* 170.6 : [   1] wpn\wpn_scope_elcan
* 170.6 : [   1] wpn\wpn_scope_eotech
* 170.6 : [   1] wpn\wpn_sg550_foregrip_rail
* 170.6 : [   1] wpn\wpn_stechkin_silencer
* 170.6 : [   1] wpn\wpn_svu_upgrade
* 170.6 : [   1] wpn\wpn_tactical_handler
* 170.6 : [   1] wpn\wpn_vog
* 170.6 : [   2] wpn\x5l_viridian
* 170.6 : [   1] act\act_puh
* 170.6 : [   7] detail\detail_metall_det2_v
* 170.6 : [   3] detail\detail_wood_det2_v
* 170.6 : [   1] wpn\glock17_slide_bump
* 170.6 : [   1] wpn\glock17_slide_bump#
* 170.6 : [   1] wpn\glock18_slide_bump
* 170.6 : [   1] wpn\glock18_slide_bump#
* 170.6 : [   1] wpn\p90_base_bump#
* 170.6 : [   1] wpn\p90_mag_bump#
* 170.6 : [   1] wpn\wpn_mag_5x56_60rnd_bump
* 170.6 : [   1] wpn\wpn_mag_5x56_60rnd_bump#
* 170.6 : [   1] wpn\wpn_saiga12_cover_bump
* 170.6 : [   1] wpn\wpn_saiga12_cover_bump#
* 213.5 : [   1] artifact\artifact_hell1
* 256.1 : [   1] ui\ui_font_graff_50_1024
* 256.1 : [   1] ui\ui_font_hud_02
* 256.1 : [   1] ui\ui_hud_hit_mark
* 256.1 : [   1] ui\ui_squad_caps
* 256.1 : [   1] wpn\sights
* 340.8 : [   1] act\act_gasmask_u
* 340.8 : [   1] act\act_gasmask_weak
* 340.8 : [   2] act\act_mutant_boar_weak
* 340.8 : [   1] wpn\wpn_binokl_bump
* 340.8 : [   1] wpn\wpn_binokl_bump#
* 341.1 : [   1] act\act_arm_10
* 341.1 : [   1] act\act_arm_11
* 341.1 : [   1] act\act_arm_13
* 341.1 : [   1] act\act_arm_15
* 341.1 : [   1] act\act_arm_2
* 341.1 : [   1] act\act_arm_3
* 341.1 : [   1] act\act_arm_5
* 341.1 : [   1] act\act_arm_7
* 341.1 : [   1] act\act_arm_8
* 341.1 : [   1] act\act_arm_9
* 341.1 : [   1] act\cod_bo2_sviter_hands
* 341.1 : [   1] wpn\browning1935
* 341.1 : [   1] wpn\wpn_scope_cobra
* 341.1 : [   3] act\act_krovosos_4
* 341.1 : [   1] act\cod_bo2_stalker_gloves_bump
* 341.1 : [   1] act\cod_bo2_stalker_gloves_bump#
* 341.1 : [   1] act\cod_bo2_stalker_sleeves_bump
* 341.1 : [   1] act\cod_bo2_stalker_sleeves_bump#
* 341.1 : [   1] act\cod_ghosts_exo_computer_glass
* 341.1 : [   1] act\cod_ghosts_exo_computer_glass_bump
* 341.1 : [   1] act\cod_ghosts_exo_computer_glass_bump#
* 341.1 : [   1] act\metro_sviter_bump
* 341.1 : [   1] act\metro_sviter_bump#
* 341.1 : [   1] item\item_bandage_bump
* 341.1 : [   1] item\item_bandage_bump#
* 341.1 : [   1] item\item_detector_1_bump
* 341.1 : [   1] item\item_detector_1_bump#
* 341.1 : [   1] item\item_detector_2_bump
* 341.1 : [   1] item\item_detector_2_bump#
* 341.1 : [   4] item\item_drug_yellow_bump
* 341.1 : [   4] item\item_drug_yellow_bump#
* 341.1 : [   2] item\item_energy_bump
* 341.1 : [   2] item\item_energy_bump#
* 341.1 : [   1] item\item_hercules_bump
* 341.1 : [   1] item\item_hercules_bump#
* 341.1 : [   2] item\item_injector
* 341.1 : [   1] item\item_injector_bump
* 341.1 : [   1] item\item_injector_bump#
* 341.1 : [   1] item\item_pda_screen_bump
* 341.1 : [   1] item\item_pda_screen_bump#
* 341.1 : [   1] item\item_vodka
* 341.1 : [   2] item\item_vodka_bump
* 341.1 : [   2] item\item_vodka_bump#
* 341.1 : [   1] item\item_vodka_russian
* 341.1 : [   1] map\map_jupiter_underground
* 341.1 : [ 314] sky\sky_oblaka
* 341.1 : [   1] wpn\f1_bump
* 341.1 : [   1] wpn\f1_bump#
* 341.1 : [   1] wpn\flashbang_body_bump
* 341.1 : [   1] wpn\flashbang_body_bump#
* 341.1 : [   1] wpn\flashbang_fuse_bump
* 341.1 : [   1] wpn\flashbang_fuse_bump#
* 341.1 : [   1] wpn\glock17_frame_bump
* 341.1 : [   1] wpn\glock17_frame_bump#
* 341.1 : [   1] wpn\lenses_bump
* 341.1 : [   1] wpn\lenses_bump#
* 341.1 : [   1] wpn\mini_klesh_bump
* 341.1 : [   1] wpn\mini_klesh_bump#
* 341.1 : [   1] wpn\p90_flashlight_bump
* 341.1 : [   1] wpn\p90_flashlight_bump#
* 341.1 : [   1] wpn\p90_scope_bump#
* 341.1 : [   1] wpn\rdgm_bump
* 341.1 : [   1] wpn\rdgm_bump#
* 341.1 : [   1] wpn\rgd5_bump
* 341.1 : [   1] wpn\rgd5_bump#
* 341.1 : [   1] wpn\rgn_bump
* 341.1 : [   1] wpn\rgn_bump#
* 341.1 : [   1] wpn\rgo_bump
* 341.1 : [   1] wpn\rgo_bump#
* 341.1 : [   1] wpn\silencer_556_bump
* 341.1 : [   1] wpn\silencer_556_bump#
* 341.1 : [   1] wpn\silencer_tgpa_bump
* 341.1 : [   1] wpn\silencer_tgpa_bump#
* 341.1 : [   1] wpn\sr1m_silencer_bump
* 341.1 : [   1] wpn\sr1m_silencer_bump#
* 341.1 : [   1] wpn\usp_match_bump
* 341.1 : [   1] wpn\usp_match_bump#
* 341.1 : [   1] wpn\walther_p99_bump
* 341.1 : [   1] wpn\walther_p99_bump#
* 341.1 : [   1] wpn\wpn_anpeq16a_bump
* 341.1 : [   1] wpn\wpn_anpeq16a_bump#
* 341.1 : [   1] wpn\wpn_flashassault_bump
* 341.1 : [   1] wpn\wpn_flashassault_bump#
* 341.1 : [   1] wpn\wpn_gp25_bump
* 341.1 : [   1] wpn\wpn_gp25_bump#
* 341.1 : [   1] wpn\wpn_hkmp5_handguard_rail_bump
* 341.1 : [   1] wpn\wpn_hkmp5_handguard_rail_bump#
* 341.1 : [   1] wpn\wpn_hkmp5_stock_bump
* 341.1 : [   1] wpn\wpn_hkmp5_stock_bump#
* 341.1 : [   1] wpn\wpn_knife_ak74_bump
* 341.1 : [   1] wpn\wpn_knife_ak74_bump#
* 341.1 : [   1] wpn\wpn_knife_kcb_bump
* 341.1 : [   1] wpn\wpn_knife_kcb_bump#
* 341.1 : [   1] wpn\wpn_knife_l3a1_bump
* 341.1 : [   1] wpn\wpn_knife_l3a1_bump#
* 341.1 : [   1] wpn\wpn_knife_nsak_bump
* 341.1 : [   1] wpn\wpn_knife_nsak_bump#
* 341.1 : [   1] wpn\wpn_knife_ots04_bump
* 341.1 : [   1] wpn\wpn_knife_ots04_bump#
* 341.1 : [   1] wpn\wpn_l85a2_ironsight_bump
* 341.1 : [   1] wpn\wpn_l85a2_ironsight_bump#
* 341.1 : [   1] wpn\wpn_l85a2_picatiny_bump
* 341.1 : [   1] wpn\wpn_l85a2_picatiny_bump#
* 341.1 : [   1] wpn\wpn_l85a2_tac_handler_bump
* 341.1 : [   1] wpn\wpn_l85a2_tac_handler_bump#
* 341.1 : [   1] wpn\wpn_laserassault_bump
* 341.1 : [   1] wpn\wpn_laserassault_bump#
* 341.1 : [   1] wpn\wpn_m203_ironsight_bump
* 341.1 : [   1] wpn\wpn_m203_ironsight_bump#
* 341.1 : [   1] wpn\wpn_m433hedp_bump
* 341.1 : [   1] wpn\wpn_m433hedp_bump#
* 341.1 : [   1] wpn\wpn_mag_5x45_30rnd_backelite_bump
* 341.1 : [   1] wpn\wpn_mag_5x45_30rnd_backelite_bump#
* 341.1 : [   1] wpn\wpn_mag_5x45_30rnd_black_bump
* 341.1 : [   1] wpn\wpn_mag_5x45_30rnd_black_bump#
* 341.1 : [   1] wpn\wpn_mag_5x45_45rnd_backelite_bump
* 341.1 : [   1] wpn\wpn_mag_5x45_45rnd_backelite_bump#
* 341.1 : [   1] wpn\wpn_mag_5x45_45rnd_black_bump
* 341.1 : [   1] wpn\wpn_mag_5x45_45rnd_black_bump#
* 341.1 : [   1] wpn\wpn_mag_5x45_60rnd_bump
* 341.1 : [   1] wpn\wpn_mag_5x45_60rnd_bump#
* 341.1 : [   1] wpn\wpn_mag_5x56_40rnd_bump
* 341.1 : [   1] wpn\wpn_mag_5x56_40rnd_bump#
* 341.1 : [   1] wpn\wpn_mag_mp5sd_bump
* 341.1 : [   1] wpn\wpn_mag_mp5sd_bump#
* 341.1 : [   1] wpn\wpn_ots14_scope_bump
* 341.1 : [   1] wpn\wpn_ots14_scope_bump#
* 341.1 : [   1] wpn\wpn_rpg-7_grenade_bump
* 341.1 : [   1] wpn\wpn_rpg-7_grenade_bump#
* 341.1 : [   1] wpn\wpn_saiga12_bump
* 341.1 : [   1] wpn\wpn_saiga12_bump#
* 341.1 : [   1] wpn\wpn_scope_eotech_bump
* 341.1 : [   1] wpn\wpn_scope_eotech_bump#
* 341.1 : [   1] wpn\wpn_sg550_foregrip_rail_bump
* 341.1 : [   1] wpn\wpn_sg550_foregrip_rail_bump#
* 341.1 : [   1] wpn\wpn_stechkin_silencer_bump
* 341.1 : [   1] wpn\wpn_stechkin_silencer_bump#
* 341.1 : [   1] wpn\wpn_svu_upgrade_bump
* 341.1 : [   1] wpn\wpn_svu_upgrade_bump#
* 341.1 : [   1] wpn\wpn_tactical_handler_bump
* 341.1 : [   1] wpn\wpn_tactical_handler_bump#
* 341.1 : [   2] wpn\wpn_upgrade
* 341.1 : [   1] wpn\wpn_vog_bump
* 341.1 : [   1] wpn\wpn_vog_bump#
* 341.1 : [   1] wpn\x5l_viridian_bump
* 341.1 : [   1] wpn\x5l_viridian_bump#
* 512.1 : [   1] ui\ui_font_din_next_76_bold_1024
* 682.2 : [   1] pfx\pfx_explotions_3
* 682.2 : [   1] act\act_arm_14
* 682.2 : [   1] act\act_arm_17
* 682.2 : [   1] act\act_arm_1_exo
* 682.2 : [   1] act\act_arm_2_exo
* 682.2 : [   1] act\act_arm_3_exo
* 682.2 : [   1] act\act_arm_6
* 682.2 : [   1] act\metro_sviter
* 682.2 : [   2] item\item_detector_2
* 682.2 : [   1] item\item_guitarfp_diff
* 682.2 : [   1] wpn\beretta92fs
* 682.2 : [   1] wpn\colt1911a1_freefall
* 682.2 : [   1] wpn\deagle
* 682.2 : [   1] wpn\deagle_silver
* 682.2 : [   1] wpn\fiveseven
* 682.2 : [   1] wpn\fort12
* 682.2 : [   1] wpn\fort17
* 682.2 : [   1] wpn\grach
* 682.2 : [   1] wpn\gsh18
* 682.2 : [   1] wpn\p90_scope
* 682.2 : [   1] wpn\pb
* 682.2 : [   1] wpn\pm
* 682.2 : [   1] wpn\pmm
* 682.2 : [   1] wpn\scope_pu
* 682.2 : [   1] wpn\scope_rakurs
* 682.2 : [   2] wpn\silencer_919
* 682.2 : [   1] wpn\sr1m
* 682.2 : [   1] wpn\tt33
* 682.2 : [   1] wpn\usp
* 682.2 : [   1] wpn\walther_p99
* 682.2 : [   1] wpn\wpn_ak74m
* 682.2 : [   1] wpn\wpn_aks74u
* 682.2 : [   1] wpn\wpn_an94
* 682.2 : [   1] wpn\wpn_binokl
* 682.2 : [   1] wpn\wpn_bizon
* 682.2 : [   1] wpn\wpn_hkmp5
* 682.2 : [   1] wpn\wpn_hkump45
* 682.2 : [   1] wpn\wpn_l123a2
* 682.2 : [   1] wpn\wpn_l85a2
* 682.2 : [   1] wpn\wpn_m203
* 682.2 : [   1] wpn\wpn_ots14
* 682.2 : [   1] wpn\wpn_ots14_addons
* 682.2 : [   1] wpn\wpn_p220
* 682.2 : [   1] wpn\wpn_p220r
* 682.2 : [   1] wpn\wpn_scope_1pn93x1
* 682.2 : [   1] wpn\wpn_scope_1pn93x4
* 682.2 : [   1] wpn\wpn_scope_aimpoint
* 682.2 : [   1] wpn\wpn_scope_kashtan
* 682.2 : [   1] wpn\wpn_scope_pgo7v
* 682.2 : [   1] wpn\wpn_scope_pka
* 682.2 : [   1] wpn\wpn_scope_pn23
* 682.2 : [   1] wpn\wpn_scope_pso1as
* 682.2 : [   1] wpn\wpn_scope_pso1sn
* 682.2 : [   1] wpn\wpn_scope_susat
* 682.2 : [   1] wpn\wpn_sg550
* 682.2 : [   1] wpn\wpn_sg552
* 682.2 : [   1] wpn\wpn_stec_apb
* 682.2 : [   1] wpn\wpn_stechkin
* 682.2 : [   1] wpn\wpn_svd
* 682.2 : [   1] wpn\wpn_toz34
* 682.2 : [   1] wpn\wpn_toz66
* 682.2 : [   1] wpn\wpn_val
* 682.2 : [   1] wpn\wpn_vintorez
* 682.2 : [   1] wpn\wpn_winchester
* 682.2 : [   1] wpn\wpn_winchester_upgrades
* 682.2 : [   1] act\act_arm_15_bump
* 682.2 : [   1] act\act_arm_15_bump#
* 682.2 : [   1] act\act_arm_3_bump
* 682.2 : [   1] act\act_arm_3_bump#
* 682.2 : [   3] act\act_arm_7_bump
* 682.2 : [   3] act\act_arm_7_bump#
* 682.2 : [   1] act\cod_bo2_sviter_hands_bump
* 682.2 : [   1] act\cod_bo2_sviter_hands_bump#
* 682.2 : [   1] wpn\browning1935_bump
* 682.2 : [   1] wpn\browning1935_bump#
* 682.2 : [   1] wpn\p90_base
* 682.2 : [   1] wpn\p90_base_bump
* 682.2 : [   1] wpn\p90_mag
* 682.2 : [   1] wpn\wpn_scope_cobra_bump
* 682.2 : [   1] wpn\wpn_scope_cobra_bump#
* 705.4 : [   1] ui\ui_noise
* 768.1 : [   1] sky\af3_foggy\06-00
* 768.1 : [   1] sky\af3_foggy\07-00
* 768.1 : [   3] sky\af3_foggy\09-00
* 768.1 : [   7] sky\af3_foggy\10-00
* 768.1 : [   2] sky\af3_foggy\11-00
* 768.1 : [   2] sky\af3_foggy\12-00
* 768.1 : [   8] sky\af3_foggy\13-00
* 768.1 : [   2] sky\af3_foggy\14-00
* 768.1 : [   3] sky\af3_foggy\15-00
* 768.1 : [   2] sky\af3_foggy\16-00
* 768.1 : [   2] sky\af3_foggy\17-00
* 768.1 : [   6] sky\af3_foggy\18-00
* 768.1 : [   2] sky\af3_foggy\19-00
* 768.1 : [   2] sky\af3_foggy\20-00
* 768.1 : [   5] sky\sky_12_vibros_cube
* 768.1 : [  26] sky\sky_13_cube
* 768.1 : [  18] sky\sky_13_cube_night
* 768.1 : [  12] sky\sky_13_vibros_cube
* 768.1 : [  11] sky\sky_14_cube
* 768.1 : [   4] sky\sky_17_clouds_cube
* 768.1 : [   5] sky\sky_17_cube
* 768.1 : [   9] sky\sky_18_cube
* 768.1 : [  14] sky\sky_19_cube
* 768.1 : [   5] sky\sky_1_clouds_cube
* 768.1 : [   4] sky\sky_20_clouds_cube
* 768.1 : [   5] sky\sky_20_cube
* 768.1 : [   4] sky\sky_2_clouds_cube
* 768.1 : [   5] sky\sky_2_cube
* 768.1 : [  16] sky\sky_3_cube
* 768.1 : [   4] sky\sky_4_cube
* 768.1 : [  35] sky\sky_5_cube
* 768.1 : [  10] sky\sky_6_cube
* 768.1 : [  14] sky\sky_7_cube
* 768.1 : [  10] sky\sky_8_cube
* 768.1 : [  55] sky\sky_9_cube
* 1024.1 : [   1] crosshair\crosshair_1pn93x1
* 1024.1 : [   1] crosshair\crosshair_1pn93x4
* 1024.1 : [   1] crosshair\crosshair_contur
* 1024.1 : [   1] crosshair\crosshair_kashtan
* 1024.1 : [   1] crosshair\crosshair_pn23
* 1024.1 : [   1] crosshair\crosshair_pu
* 1024.1 : [   1] crosshair\crosshair_rakurs
* 1024.1 : [   1] crosshair\crosshair_susat
* 1024.1 : [   1] ui\ui_actor_achivments
* 1024.1 : [   1] ui\ui_actor_dialog_screen
* 1024.1 : [   1] ui\ui_actor_hint_wnd
* 1024.1 : [   1] ui\ui_actor_menu
* 1024.1 : [   1] ui\ui_actor_monsters_pda
* 1024.1 : [   1] ui\ui_actor_mp_screen
* 1024.1 : [   1] ui\ui_actor_multiplayer_game_menu
* 1024.1 : [   1] ui\ui_actor_newsmanager_icons
* 1024.1 : [   1] ui\ui_actor_pda
* 1024.1 : [   1] ui\ui_actor_portrets
* 1024.1 : [   1] ui\ui_actor_portrets_unique
* 1024.1 : [   1] ui\ui_actor_sleep_screen
* 1024.1 : [   1] ui\ui_hud_grenade_mark
* 1024.1 : [   2] wpn\lenses
* 1024.1 : [   1] wpn\wpn_ammo_custom
* 1364.3 : [   1] pfx\pfx_ani-explosion-02
* 1364.3 : [   1] pfx\pfx_ani-explosion-02-b-a
* 1364.3 : [   1] pfx\pfx_ani-explosion-02a
* 1364.3 : [   1] pfx\pfx_ani-fire01
* 1364.3 : [   1] pfx\pfx_explotions_2
* 1364.3 : [   1] pfx\pfx_explotions_4
* 1364.3 : [   1] pfx\pfx_explotions_smoke
* 1364.3 : [   1] wpn\wpn_gauss_rifle
* 1364.3 : [   1] wpn\wpn_rpg_7
* 1364.3 : [   1] wpn\wpn_svu
* 1364.3 : [   3] act\act_arm_6_bump
* 1364.3 : [   3] act\act_arm_6_bump#
* 1364.3 : [   2] item\item_detector_1
* 1364.3 : [   1] item\item_guitarfp_bump
* 1364.3 : [   1] item\item_guitarfp_bump#
* 1364.3 : [   1] item\item_pda
* 1364.3 : [   1] map\map_jupiter
* 1364.3 : [   1] map\map_pripyat
* 1364.3 : [   1] map\map_zaton
* 1364.3 : [   1] wpn\beretta92fs_bump
* 1364.3 : [   1] wpn\beretta92fs_bump#
* 1364.3 : [   1] wpn\colt1911a1_freefall_bump
* 1364.3 : [   1] wpn\colt1911a1_freefall_bump#
* 1364.3 : [   1] wpn\deagle_bump
* 1364.3 : [   1] wpn\deagle_bump#
* 1364.3 : [   1] wpn\deagle_silver_bump
* 1364.3 : [   1] wpn\deagle_silver_bump#
* 1364.3 : [   1] wpn\fiveseven_bump
* 1364.3 : [   1] wpn\fiveseven_bump#
* 1364.3 : [   1] wpn\fort12_bump
* 1364.3 : [   1] wpn\fort12_bump#
* 1364.3 : [   1] wpn\fort17_bump
* 1364.3 : [   1] wpn\fort17_bump#
* 1364.3 : [   1] wpn\grach_bump
* 1364.3 : [   1] wpn\grach_bump#
* 1364.3 : [   1] wpn\gsh18_bump
* 1364.3 : [   1] wpn\gsh18_bump#
* 1364.3 : [   1] wpn\p90_scope_bump
* 1364.3 : [   1] wpn\pb_bump
* 1364.3 : [   1] wpn\pb_bump#
* 1364.3 : [   1] wpn\pkm
* 1364.3 : [   1] wpn\pm_bump
* 1364.3 : [   1] wpn\pm_bump#
* 1364.3 : [   1] wpn\pmm_bump
* 1364.3 : [   1] wpn\pmm_bump#
* 1364.3 : [   1] wpn\scope_pu_bump
* 1364.3 : [   1] wpn\scope_pu_bump#
* 1364.3 : [   1] wpn\scope_rakurs_bump
* 1364.3 : [   1] wpn\scope_rakurs_bump#
* 1364.3 : [   1] wpn\silencer_919_bump
* 1364.3 : [   1] wpn\silencer_919_bump#
* 1364.3 : [   1] wpn\sr1m_bump
* 1364.3 : [   1] wpn\sr1m_bump#
* 1364.3 : [   1] wpn\tt33_bump
* 1364.3 : [   1] wpn\tt33_bump#
* 1364.3 : [   1] wpn\usp_bump
* 1364.3 : [   1] wpn\usp_bump#
* 1364.3 : [   1] wpn\wpn_ak101
* 1364.3 : [   2] wpn\wpn_ak74m_bump
* 1364.3 : [   2] wpn\wpn_ak74m_bump#
* 1364.3 : [   1] wpn\wpn_aks74u_bump
* 1364.3 : [   1] wpn\wpn_aks74u_bump#
* 1364.3 : [   1] wpn\wpn_an94_bump
* 1364.3 : [   1] wpn\wpn_an94_bump#
* 1364.3 : [   1] wpn\wpn_bizon_bump
* 1364.3 : [   1] wpn\wpn_bizon_bump#
* 1364.3 : [   1] wpn\wpn_gauss_comp
* 1364.3 : [   1] wpn\wpn_gauss_comp_bump
* 1364.3 : [   1] wpn\wpn_gauss_comp_bump#
* 1364.3 : [   1] wpn\wpn_hkmp5_bump
* 1364.3 : [   1] wpn\wpn_hkmp5_bump#
* 1364.3 : [   1] wpn\wpn_hkump45_bump
* 1364.3 : [   1] wpn\wpn_hkump45_bump#
* 1364.3 : [   1] wpn\wpn_l123a2_bump
* 1364.3 : [   1] wpn\wpn_l123a2_bump#
* 1364.3 : [   1] wpn\wpn_l85a2_bump
* 1364.3 : [   1] wpn\wpn_l85a2_bump#
* 1364.3 : [   1] wpn\wpn_m203_bump
* 1364.3 : [   1] wpn\wpn_m203_bump#
* 1364.3 : [   1] wpn\wpn_ots14_addons_bump
* 1364.3 : [   1] wpn\wpn_ots14_addons_bump#
* 1364.3 : [   1] wpn\wpn_ots14_bump
* 1364.3 : [   1] wpn\wpn_ots14_bump#
* 1364.3 : [   1] wpn\wpn_p220_bump
* 1364.3 : [   1] wpn\wpn_p220_bump#
* 1364.3 : [   1] wpn\wpn_p220r_bump
* 1364.3 : [   1] wpn\wpn_p220r_bump#
* 1364.3 : [   1] wpn\wpn_scope_1pn93x1_bump
* 1364.3 : [   1] wpn\wpn_scope_1pn93x1_bump#
* 1364.3 : [   1] wpn\wpn_scope_1pn93x4_bump
* 1364.3 : [   1] wpn\wpn_scope_1pn93x4_bump#
* 1364.3 : [   1] wpn\wpn_scope_aimpoint_bump
* 1364.3 : [   1] wpn\wpn_scope_aimpoint_bump#
* 1364.3 : [   1] wpn\wpn_scope_elcan_bump
* 1364.3 : [   1] wpn\wpn_scope_elcan_bump#
* 1364.3 : [   1] wpn\wpn_scope_kashtan_bump
* 1364.3 : [   1] wpn\wpn_scope_kashtan_bump#
* 1364.3 : [   1] wpn\wpn_scope_pgo7v_bump
* 1364.3 : [   1] wpn\wpn_scope_pgo7v_bump#
* 1364.3 : [   1] wpn\wpn_scope_pka_bump
* 1364.3 : [   1] wpn\wpn_scope_pka_bump#
* 1364.3 : [   1] wpn\wpn_scope_pn23_bump
* 1364.3 : [   1] wpn\wpn_scope_pn23_bump#
* 1364.3 : [   1] wpn\wpn_scope_pso1as_bump
* 1364.3 : [   1] wpn\wpn_scope_pso1as_bump#
* 1364.3 : [   1] wpn\wpn_scope_pso1sn_bump
* 1364.3 : [   1] wpn\wpn_scope_pso1sn_bump#
* 1364.3 : [   1] wpn\wpn_scope_susat_bump
* 1364.3 : [   1] wpn\wpn_scope_susat_bump#
* 1364.3 : [   1] wpn\wpn_sg550_bump
* 1364.3 : [   1] wpn\wpn_sg550_bump#
* 1364.3 : [   1] wpn\wpn_sg552_bump
* 1364.3 : [   1] wpn\wpn_sg552_bump#
* 1364.3 : [   2] wpn\wpn_stechkin_bump
* 1364.3 : [   2] wpn\wpn_stechkin_bump#
* 1364.3 : [   1] wpn\wpn_svd_bump
* 1364.3 : [   1] wpn\wpn_svd_bump#
* 1364.3 : [   1] wpn\wpn_toz34_bump
* 1364.3 : [   1] wpn\wpn_toz34_bump#
* 1364.3 : [   1] wpn\wpn_toz66_bump
* 1364.3 : [   1] wpn\wpn_toz66_bump#
* 1364.3 : [   1] wpn\wpn_val_bump
* 1364.3 : [   1] wpn\wpn_val_bump#
* 1364.3 : [   1] wpn\wpn_vintorez_bump
* 1364.3 : [   1] wpn\wpn_vintorez_bump#
* 1364.3 : [   1] wpn\wpn_winchester_bump
* 1364.3 : [   1] wpn\wpn_winchester_bump#
* 2048.1 : [   1] crosshair\crosshair_elcan
* 2048.1 : [   1] crosshair\crosshair_pgo7v
* 2048.1 : [   1] crosshair\crosshair_pso1as
* 2048.1 : [   1] crosshair\crosshair_pso1sn
* 2048.1 : [   1] intro\intro_default
* 2048.1 : [   1] ui\ui_actor_weapons
* 2048.1 : [   1] wpn\crosshairs_ui_bino
* 2048.1 : [   1] wpn\crosshairs_ui_gauss
* 2048.1 : [   1] wpn\p90_mag_bump
* 2728.7 : [   1] wpn\wpn_gauss_rifle_bump
* 2728.7 : [   1] wpn\wpn_gauss_rifle_bump#
* 2728.7 : [   1] wpn\wpn_rpg_7_bump
* 2728.7 : [   1] wpn\wpn_rpg_7_bump#
* 2728.7 : [   1] wpn\wpn_svu_bump
* 2728.7 : [   1] wpn\wpn_svu_bump#
* 4096.1 : [   1] ui\ui_actor_ingame
* 4096.1 : [   1] ui\ui_actor_lobby
* 4096.1 : [   1] ui\ui_common
* 4096.1 : [   1] ui\ui_hud
* 4096.1 : [   1] ui\ui_icon_equipment
* 4096.1 : [   1] ui\ui_ingame2_common
* 4096.1 : [   1] ui\ui_loadgame_screen
* 4096.1 : [   1] ui\ui_main_menu
* 4096.1 : [   1] ui\ui_pda2
* 4096.1 : [   1] ui\ui_pda2_noice
* 8192.1 : [   1] ui\ui_actor_ingame_new
* [ D3D ]: textures[461705 K]
*  0.0 : [  61] $null
*  0.0 : [   3] $user$accum
*  0.0 : [   1] $user$accum_temp
*  0.0 : [   6] $user$albedo
*  0.0 : [   6] $user$bloom1
*  0.0 : [   2] $user$bloom2
*  0.0 : [   2] $user$cmap0
*  0.0 : [   2] $user$cmap1
*  0.0 : [   2] $user$env_s0
*  0.0 : [   2] $user$env_s1
*  0.0 : [   7] $user$generic0
*  0.0 : [   5] $user$generic1
*  0.0 : [   1] $user$generic2
*  0.0 : [   1] $user$jitter_0
*  0.0 : [   1] $user$jitter_1
*  0.0 : [   1] $user$jitter_2
*  0.0 : [   1] $user$jitter_3
*  0.0 : [   1] $user$jitter_4
*  0.0 : [   2] $user$lum_t64
*  0.0 : [   3] $user$lum_t8
*  0.0 : [   1] $user$luminance_0
*  0.0 : [   1] $user$luminance_1
*  0.0 : [   1] $user$luminance_2
*  0.0 : [   1] $user$luminance_3
*  0.0 : [   8] $user$material
*  0.0 : [  12] $user$normal
*  0.0 : [  12] $user$position
*  0.0 : [   2] $user$postprocess
*  0.0 : [   9] $user$scope
*  0.0 : [   1] $user$sky0
*  0.0 : [   1] $user$sky1
*  0.0 : [   4] $user$smap_depth
*  0.0 : [   3] $user$smap_surf
*  0.0 : [  10] $user$tonemap
*  0.0 : [   2] $user$tonemap_src
*  0.0 : [   1] $user$ui
*  0.0 : [   1] prop\prop_lampa_g
*  0.0 : [   1] prop\prop_lampa_g_red2
*  0.3 : [   1] prop\prop_provod_02
*  0.4 : [   1] fx\fx_flare1
*  0.4 : [   1] ui\ui_console
*  0.7 : [   2] mtl\mtl_bochka_02
*  0.8 : [   1] grad\grad_psi
*  0.8 : [   1] grad\grad_thermal
*  0.8 : [   1] grad\grad_thermal_mine
*  1.3 : [   2] act\act_stalker_head_glass_02
*  1.3 : [   1] wpn\wpn_grenade_bump
*  1.3 : [   1] wpn\wpn_grenade_bump#
*  1.4 : [   1] pfx\pfx_spark_01
*  1.4 : [   1] item\item_key_1
*  1.4 : [   1] artifact\artifact_glow
*  1.4 : [   1] fx\fx_flare2
*  1.4 : [   1] fx\fx_flare3
*  1.4 : [   1] fx\fx_gradient
*  1.4 : [   1] fx\fx_rain
*  1.4 : [   1] fx\fx_sun_rise
*  1.4 : [   1] glow\glow_orange2
*  1.4 : [   1] wm\wm_bullet_asfalt_1
*  1.4 : [   1] wm\wm_bullet_asfalt_2
*  1.4 : [   1] wm\wm_bullet_asfalt_3
*  1.4 : [   1] wm\wm_bullet_brick_1
*  1.4 : [   1] wm\wm_bullet_brick_2
*  1.4 : [   1] wm\wm_bullet_concrete
*  1.4 : [   1] wm\wm_bullet_concrete_1
*  1.4 : [   1] wm\wm_bullet_concrete_2
*  1.4 : [   1] wm\wm_bullet_concrete_4
*  1.4 : [   1] wm\wm_bullet_concrete_5
*  1.4 : [   1] wm\wm_bullet_concrete_6
*  1.4 : [   1] wm\wm_bullet_concrete_7
*  1.4 : [   1] wm\wm_bullet_ground
*  1.4 : [   1] wm\wm_bullet_ground_1
*  1.4 : [   1] wm\wm_bullet_ground_2
*  1.4 : [   1] wm\wm_bullet_metall_thik
*  1.4 : [   1] wm\wm_bullet_metall_thik_1
*  1.4 : [   1] wm\wm_bullet_metall_thik_2
*  1.4 : [   1] wm\wm_bullet_metall_thik_3
*  1.4 : [   1] wm\wm_bullet_metall_thin
*  1.4 : [   1] wm\wm_bullet_metall_thin_1
*  1.4 : [   1] wm\wm_bullet_metall_thin_2
*  1.4 : [   1] wm\wm_bullet_metall_thin_3
*  1.4 : [   1] wm\wm_bullet_metall_thin_4
*  1.4 : [   1] wm\wm_bullet_wood
*  1.4 : [   1] wm\wm_bullet_wood_1
*  1.4 : [   1] wm\wm_bullet_wood_2
*  1.4 : [   1] wm\wm_bullet_wood_3
*  1.4 : [   1] wm\wm_bullet_wood_4
*  1.4 : [   1] wm\wm_bullet_wood_5
*  1.4 : [   1] wm\wm_bullet_wood_6
*  1.4 : [   1] wm\wm_bullet_wood_7
*  1.4 : [   1] wm\wm_bullet_wood_8
*  1.4 : [   1] wm\wm_bullet_wood_9
*  2.1 : [   1] grad\grad_steam_mine
*  2.7 : [   1] act\act_stalker_head_glass
*  2.7 : [   2] mtl\mtl_ventil_pod_01
*  2.7 : [   2] prop\prop_box_3
*  2.7 : [   1] prop\prop_elec_kran
*  2.7 : [   2] prop\prop_electricalunit3
*  2.7 : [   1] prop\prop_fake_bed_fireplace
*  2.7 : [   2] prop\prop_kanistra
*  2.7 : [   2] prop\prop_teapot_1
*  2.7 : [   1] act\act_pseudodog_fur
*  2.7 : [   1] act\act_pseudodog_fur1
*  2.7 : [   1] prop\prop_lampa_galogen
*  2.7 : [   1] pfx\pfx_step_blood
*  2.7 : [   1] wpn\glock17_internals
*  2.7 : [   1] item\item_key_1_bump
*  2.7 : [   1] item\item_key_1_bump#
*  3.0 : [   1] artifact\artifact_anim_dist
*  3.1 : [   5] sky\sky_12_vibros_cube#small
*  3.1 : [  26] sky\sky_13_cube#small
*  3.1 : [  18] sky\sky_13_cube_night#small
*  3.1 : [  12] sky\sky_13_vibros_cube#small
*  3.1 : [  11] sky\sky_14_cube#small
*  3.1 : [   4] sky\sky_17_clouds_cube#small
*  3.1 : [   5] sky\sky_17_cube#small
*  3.1 : [   9] sky\sky_18_cube#small
*  3.1 : [  14] sky\sky_19_cube#small
*  3.1 : [   5] sky\sky_1_clouds_cube#small
*  3.1 : [   4] sky\sky_20_clouds_cube#small
*  3.1 : [   5] sky\sky_20_cube#small
*  3.1 : [   4] sky\sky_2_clouds_cube#small
*  3.1 : [   5] sky\sky_2_cube#small
*  3.1 : [  16] sky\sky_3_cube#small
*  3.1 : [   4] sky\sky_4_cube#small
*  3.1 : [  35] sky\sky_5_cube#small
*  3.1 : [  10] sky\sky_6_cube#small
*  3.1 : [  14] sky\sky_7_cube#small
*  3.1 : [  10] sky\sky_8_cube#small
*  3.1 : [  55] sky\sky_9_cube#small
*  4.1 : [   1] ui\ui_squad_member
*  4.1 : [   1] wpn\zero_alpha
*  5.3 : [   1] act\act_controller_hit1
*  5.3 : [   1] act\act_stalker_head_glass_01
*  5.3 : [   1] act\act_stalker_head_glass_02_bump
*  5.3 : [   1] act\act_stalker_head_glass_02_bump#
*  5.3 : [   1] act\act_stalker_head_glass_bump
*  5.3 : [   1] act\act_stalker_head_glass_bump#
*  5.3 : [   2] door\door_kotelna
*  5.3 : [   2] door\door_lift_01
*  5.3 : [   2] door\door_sheet
*  5.3 : [   2] door\door_white_04
*  5.3 : [   2] mtl\mtl_barrel_02
*  5.3 : [   2] mtl\mtl_barrel_04
*  5.3 : [   2] mtl\mtl_barrel_05
*  5.3 : [   2] mtl\mtl_bochka_01_bump
*  5.3 : [   2] mtl\mtl_bochka_01_bump#
*  5.3 : [   2] mtl\mtl_bochka_02_bump
*  5.3 : [   2] mtl\mtl_bochka_02_bump#
*  5.3 : [   2] prop\prop_ballon1
*  5.3 : [   2] prop\prop_ballon2
*  5.3 : [   2] prop\prop_ballon3
*  5.3 : [   1] prop\prop_bottle_box
*  5.3 : [   2] prop\prop_box_3_bump
*  5.3 : [   2] prop\prop_box_3_bump#
*  5.3 : [   2] prop\prop_electricalunit3_bump
*  5.3 : [   2] prop\prop_electricalunit3_bump#
*  5.3 : [   2] prop\prop_kanistra_bump
*  5.3 : [   2] prop\prop_kanistra_bump#
*  5.3 : [   2] prop\prop_teapot_1_bump
*  5.3 : [   2] prop\prop_teapot_1_bump#
*  5.4 : [   1] pfx\pfx_bubble
*  5.4 : [   1] pfx\pfx_flamefx_01
*  5.4 : [   1] pfx\pfx_leaves_01
*  5.4 : [   1] pfx\pfx_leaves_02
*  5.4 : [   1] pfx\pfx_splash3
*  5.4 : [   1] pfx\pfx_splash_02
*  5.4 : [   1] pfx\pfx_synus
*  5.4 : [   1] pfx\pfx_vehmetaldebris_01
*  5.4 : [   1] wpn\ammo_5x45
*  5.4 : [   1] fx\fx_gradient1
*  5.4 : [   1] fx\fx_rainsplash1
*  5.4 : [   1] fx\fx_snow
*  5.4 : [   1] fx\fx_sun
*  5.4 : [   1] fx\fx_volumefog1
*  5.4 : [   1] glow\glow_04
*  5.4 : [   1] glow\glow_fire1
*  5.4 : [   1] wm\wm_blood_1
*  5.4 : [   1] wm\wm_blood_1_1
*  5.4 : [   1] wm\wm_blood_1_2
*  5.4 : [   1] wm\wm_blood_1_3
*  5.4 : [   1] wm\wm_blood_2
*  5.4 : [   1] wm\wm_blood_3
*  5.4 : [   1] wm\wm_blood_drop_1
*  5.4 : [   1] wm\wm_blood_drop_2
*  5.4 : [   1] wm\wm_blood_drop_3
*  5.4 : [   1] wm\wm_blood_drop_4
*  5.4 : [   1] wm\wm_grenade
*  5.4 : [   1] wm\wm_knife_dead
*  5.4 : [   1] wm\wm_knife_horiz
*  5.4 : [   1] wm\wm_knife_horiz_blood
*  5.4 : [   1] wm\wm_knife_wood
*  5.4 : [   1] wm\wm_knife_wood1
*  5.4 : [   1] wm\wm_knife_wood2
*  5.4 : [   1] glow\glow_galogen
*  6.1 : [   1] sky\af3_foggy\06-00#small
*  6.1 : [   1] sky\af3_foggy\07-00#small
*  6.1 : [   3] sky\af3_foggy\09-00#small
*  6.1 : [   7] sky\af3_foggy\10-00#small
*  6.1 : [   2] sky\af3_foggy\11-00#small
*  6.1 : [   2] sky\af3_foggy\12-00#small
*  6.1 : [   8] sky\af3_foggy\13-00#small
*  6.1 : [   2] sky\af3_foggy\14-00#small
*  6.1 : [   3] sky\af3_foggy\15-00#small
*  6.1 : [   2] sky\af3_foggy\16-00#small
*  6.1 : [   2] sky\af3_foggy\17-00#small
*  6.1 : [   6] sky\af3_foggy\18-00#small
*  6.1 : [   2] sky\af3_foggy\19-00#small
*  6.1 : [   2] sky\af3_foggy\20-00#small
* 10.7 : [   2] act\act_dog_red
* 10.7 : [   2] act\act_dogs_big
* 10.7 : [   2] act\act_dogs_brown
* 10.7 : [   2] act\act_dogs_bulterer
* 10.7 : [   1] act\act_face_soldier_01
* 10.7 : [   2] act\act_poltergeyst
* 10.7 : [   2] act\act_pseudodog
* 10.7 : [   1] act\act_rat01
* 10.7 : [   1] act\act_ryukzak
* 10.7 : [   1] act\act_ryukzak_black
* 10.7 : [   1] act\act_ryukzak_brown
* 10.7 : [   1] act\act_ryukzak_green
* 10.7 : [   1] act\act_stalker_head_antigas_2
* 10.7 : [   2] door\door_katakomb_01
* 10.7 : [   2] door\door_ship_metall
* 10.7 : [   2] door\door_white_02
* 10.7 : [   2] mtl\mtl_bochka_01
* 10.7 : [   1] mtl\mtl_lampa_pod_01
* 10.7 : [   2] mtl\mtl_pod_01
* 10.7 : [   2] prop\prop_blind01
* 10.7 : [   2] prop\prop_dangerbox_2
* 10.7 : [   2] prop\prop_el_shkaf_01
* 10.7 : [   2] prop\prop_freez
* 10.7 : [   1] prop\prop_kitchen_stuff
* 10.7 : [   2] prop\prop_plita
* 10.7 : [   2] prop\prop_spade
* 10.7 : [   2] door\door_kotelna_bump
* 10.7 : [   2] door\door_kotelna_bump#
* 10.7 : [   2] door\door_sheet_bump
* 10.7 : [   2] door\door_sheet_bump#
* 10.7 : [   2] door\door_white_04_bump
* 10.7 : [   2] door\door_white_04_bump#
* 10.7 : [   1] glas\glas_dirt
* 10.7 : [   6] mtl\mtl_barrel_bump
* 10.7 : [   6] mtl\mtl_barrel_bump#
* 10.7 : [   2] mtl\mtl_truba_pod_01
* 10.7 : [   2] mtl\mtl_truba_pod_02
* 10.7 : [   2] prop\prop_ballon1_bump
* 10.7 : [   2] prop\prop_ballon1_bump#
* 10.7 : [   2] prop\prop_ballon2_bump
* 10.7 : [   2] prop\prop_ballon2_bump#
* 10.7 : [   2] prop\prop_ballon3_bump
* 10.7 : [   2] prop\prop_ballon3_bump#
* 10.7 : [   1] pfx\pfx_concretedebris_01
* 10.7 : [   1] artifact\artifact_mincer_meat
* 10.7 : [   1] artifact\artifact_myasorubka2
* 10.7 : [   1] artifact\artifact_myasorubka3
* 10.7 : [   1] fx\fx_noise
* 10.7 : [   1] item\item_document_01
* 10.7 : [   1] item\item_small_tools
* 10.7 : [   1] prop\prop_speakerphone
* 10.7 : [   1] wpn\ammo_45acp
* 10.7 : [   1] wpn\ammo_5x56
* 10.7 : [   1] wpn\ammo_7-62x54
* 10.7 : [   1] wpn\ammo_9x19
* 10.7 : [   1] wpn\ammo_9x39
* 10.7 : [   1] wpn\wpn_saiga12_dtk
* 10.7 : [   1] wpn\wpn_saiga12_supressor
* 10.7 : [   1] artifact\artifact_fire_light
* 10.7 : [   1] lights\lights_cone_handing_lamp
* 10.7 : [   1] wm\wm_knife_horiz_blood1
* 10.7 : [   1] wm\wm_knife_horiz_metal
* 10.7 : [   1] wm\wm_knife_horiz_ston
* 10.7 : [   1] wpn\ammo_5x45_bump
* 10.7 : [   1] wpn\ammo_5x45_bump#
* 10.7 : [   1] fx\fx_lightning
* 10.7 : [   1] pfx\pfx_laser_beam
* 10.7 : [   1] pfx\pfx_laser_beam_green
* 13.3 : [   1] artifact\artifact_lava
* 16.1 : [   1] ui\ui_font_arial_14_1024
* 21.3 : [   1] act\act_face_01
* 21.3 : [   1] act\act_face_04
* 21.3 : [   1] act\act_face_08
* 21.3 : [   1] act\act_face_mask_01
* 21.3 : [   1] act\act_face_mask_02
* 21.3 : [   1] act\act_face_mask_03
* 21.3 : [   1] act\act_face_mask_04
* 21.3 : [   1] act\act_face_painted_01
* 21.3 : [   1] act\act_face_zombie_01
* 21.3 : [   1] act\act_faces_1_01
* 21.3 : [   1] act\act_faces_1_03
* 21.3 : [   1] act\act_faces_1_05
* 21.3 : [   1] act\act_faces_1_07
* 21.3 : [   1] act\act_faces_1_08
* 21.3 : [   1] act\act_faces_2_01
* 21.3 : [   1] act\act_faces_2_02
* 21.3 : [   1] act\act_faces_2_03
* 21.3 : [   1] act\act_faces_2_04
* 21.3 : [   1] act\act_faces_2_05
* 21.3 : [   1] act\act_faces_2_07
* 21.3 : [   1] act\act_faces_2_08
* 21.3 : [   1] act\act_faces_3_01
* 21.3 : [   1] act\act_faces_3_03
* 21.3 : [   1] act\act_faces_3_04
* 21.3 : [   1] act\act_faces_3_06
* 21.3 : [   1] act\act_faces_3_07
* 21.3 : [   1] act\act_faces_4_02
* 21.3 : [   1] act\act_faces_4_03
* 21.3 : [   1] act\act_stalker_freedom_3
* 21.3 : [   1] act\act_stalker_soldier_1
* 21.3 : [   1] act\act_stalker_soldier_2
* 21.3 : [   1] act\act_crow
* 21.3 : [   2] act\act_dog_red_bump
* 21.3 : [   2] act\act_dog_red_bump#
* 21.3 : [   2] act\act_dogs_big_bump
* 21.3 : [   2] act\act_dogs_big_bump#
* 21.3 : [   2] act\act_dogs_brown_bump
* 21.3 : [   2] act\act_dogs_brown_bump#
* 21.3 : [   2] act\act_dogs_bulterer_bump
* 21.3 : [   2] act\act_dogs_bulterer_bump#
* 21.3 : [   1] act\act_face_soldier_01_bump
* 21.3 : [   1] act\act_face_soldier_01_bump#
* 21.3 : [   2] act\act_poltergeyst_bump
* 21.3 : [   2] act\act_poltergeyst_bump#
* 21.3 : [   1] act\act_pseudodog_bump
* 21.3 : [   1] act\act_pseudodog_bump#
* 21.3 : [   1] act\act_rat01_bump
* 21.3 : [   1] act\act_rat01_bump#
* 21.3 : [   4] act\act_ryukzak_bump
* 21.3 : [   4] act\act_ryukzak_bump#
* 21.3 : [   1] act\act_stalker_dolg_3_bump
* 21.3 : [   1] act\act_stalker_dolg_3_bump#
* 21.3 : [   1] act\act_stalker_head_antigas_2_bump
* 21.3 : [   1] act\act_stalker_head_antigas_2_bump#
* 21.3 : [   1] act\act_stalker_soldier_4_bump
* 21.3 : [   1] act\act_stalker_soldier_4_bump#
* 21.3 : [   2] door\door_katakomb_01_bump
* 21.3 : [   2] door\door_katakomb_01_bump#
* 21.3 : [   2] door\door_ship_metall_bump
* 21.3 : [   2] door\door_ship_metall_bump#
* 21.3 : [   2] door\door_white_02_bump
* 21.3 : [   2] door\door_white_02_bump#
* 21.3 : [   2] mtl\mtl_pod_01_bump
* 21.3 : [   2] mtl\mtl_pod_01_bump#
* 21.3 : [   2] mtl\mtl_ventil_pod_01_bump
* 21.3 : [   2] mtl\mtl_ventil_pod_01_bump#
* 21.3 : [   2] prop\prop_blind01_bump
* 21.3 : [   2] prop\prop_blind01_bump#
* 21.3 : [   2] prop\prop_dangerbox_2_bump
* 21.3 : [   2] prop\prop_dangerbox_2_bump#
* 21.3 : [   2] prop\prop_el_shkaf_01_bump
* 21.3 : [   2] prop\prop_el_shkaf_01_bump#
* 21.3 : [   2] prop\prop_freez_bump
* 21.3 : [   2] prop\prop_freez_bump#
* 21.3 : [   1] prop\prop_instrument_1_bump
* 21.3 : [   1] prop\prop_instrument_1_bump#
* 21.3 : [   1] prop\prop_iten4_bump
* 21.3 : [   1] prop\prop_iten4_bump#
* 21.3 : [   1] prop\prop_kitchen_stuff_bump
* 21.3 : [   1] prop\prop_kitchen_stuff_bump#
* 21.3 : [   2] prop\prop_plita_bump
* 21.3 : [   2] prop\prop_plita_bump#
* 21.3 : [   2] prop\prop_spade_bump
* 21.3 : [   2] prop\prop_spade_bump#
* 21.3 : [   1] wpn\wpn_protecta_bump
* 21.3 : [   1] wpn\wpn_protecta_bump#
* 21.3 : [   1] wpn\wpn_upgrade_bump
* 21.3 : [   1] wpn\wpn_upgrade_bump#
* 21.3 : [   2] mtl\mtl_truba_ch_02_bump
* 21.3 : [   2] mtl\mtl_truba_ch_02_bump#
* 21.3 : [   2] mtl\mtl_truba_pod_02_bump
* 21.3 : [   2] mtl\mtl_truba_pod_02_bump#
* 21.3 : [   1] pfx\pfx_anomaly_21
* 21.3 : [   1] pfx\pfx_bloodsplash1
* 21.3 : [   1] pfx\pfx_bubble_1
* 21.3 : [   1] pfx\pfx_bubble_water
* 21.3 : [   1] pfx\pfx_dist2
* 21.3 : [   1] pfx\pfx_dist2inv
* 21.3 : [   1] pfx\pfx_dist3
* 21.3 : [   1] pfx\pfx_dist4
* 21.3 : [   1] pfx\pfx_dist7
* 21.3 : [   1] pfx\pfx_dist8
* 21.3 : [   1] pfx\pfx_dist9
* 21.3 : [   1] pfx\pfx_dist_teleport
* 21.3 : [   1] pfx\pfx_distort_anomaly
* 21.3 : [   1] pfx\pfx_distortion
* 21.3 : [   1] pfx\pfx_flame_01
* 21.3 : [   1] pfx\pfx_flash_01
* 21.3 : [   1] pfx\pfx_flash_05
* 21.3 : [   1] pfx\pfx_flash_07
* 21.3 : [   1] pfx\pfx_gologramma
* 21.3 : [   1] pfx\pfx_gradient
* 21.3 : [   1] pfx\pfx_gradient1
* 21.3 : [   1] pfx\pfx_specks
* 21.3 : [   1] pfx\pfx_specks_poison
* 21.3 : [   1] pfx\pfx_spikey_star
* 21.3 : [   1] pfx\pfx_splash_01
* 21.3 : [   1] pfx\pfx_stonedebris1
* 21.3 : [   1] pfx\pfx_stonedebris2
* 21.3 : [   1] pfx\pfx_vehglassdebris_01
* 21.3 : [   1] pfx\pfx_water_wave
* 21.3 : [   1] pfx\pfx_flame
* 21.4 : [   1] item\item_poison_gas
* 21.4 : [   1] wpn\deagle_compensator_silver
* 21.4 : [   1] wpn\wpn_saiga12_handler
* 21.4 : [   1] artifact\artifact_fire
* 21.4 : [   1] artifact\artifact_simple2
* 21.4 : [   1] fx\fx_thunderbolts_gradient
* 21.4 : [   1] fx\fx_thunderbolts_gradient_surge
* 21.4 : [   1] glow\glow_ghost
* 21.4 : [   1] glow\glow_orange
* 21.4 : [   1] glow\glow_orange_bright
* 21.4 : [   1] glow\glow_white
* 21.4 : [   1] glow\glow_yellow
* 21.4 : [   1] item\item_small_tools_bump
* 21.4 : [   1] item\item_small_tools_bump#
* 21.4 : [   4] lights\lights_spot01
* 21.4 : [   1] wm\wm_bullet_glass01
* 21.4 : [   1] wm\wm_bullet_glass02
* 21.4 : [   1] wm\wm_bullet_glass03
* 21.4 : [   1] wm\wm_bullet_glass04
* 21.4 : [   1] wpn\ammo_45acp_bump
* 21.4 : [   1] wpn\ammo_45acp_bump#
* 21.4 : [   1] wpn\ammo_5x56_bump
* 21.4 : [   1] wpn\ammo_5x56_bump#
* 21.4 : [   1] wpn\ammo_7-62x54_bump
* 21.4 : [   1] wpn\ammo_7-62x54_bump#
* 21.4 : [   1] wpn\ammo_9x19_bump
* 21.4 : [   1] wpn\ammo_9x19_bump#
* 21.4 : [   1] wpn\ammo_9x39_bump
* 21.4 : [   1] wpn\ammo_9x39_bump#
* 21.4 : [   1] wpn\wpn_grenade1
* 21.4 : [   1] wpn\wpn_saiga12_dtk_bump
* 21.4 : [   1] wpn\wpn_saiga12_dtk_bump#
* 21.4 : [   1] wpn\wpn_saiga12_supressor_bump
* 21.4 : [   1] wpn\wpn_saiga12_supressor_bump#
* 32.1 : [   1] ui\ui_font_din_next_14_1024
* 32.1 : [   1] ui\ui_font_din_next_14_bold_1024
* 32.1 : [   1] ui\ui_font_din_next_16_1024
* 32.1 : [   1] ui\ui_font_din_next_16_bold_1024
* 32.1 : [   1] ui\ui_font_din_next_17_1024
* 32.1 : [   1] ui\ui_font_din_next_17_bold_1024
* 32.1 : [   1] ui\ui_font_letter_16_1024
* 32.1 : [   1] ui\ui_font_letter_18_1024
* 33.0 : [   1] ui\ui_ani_cursor
* 42.6 : [   1] act\act_burer
* 42.6 : [   2] act\act_controller
* 42.6 : [   1] act\act_himera
* 42.6 : [   2] act\act_plot
* 42.6 : [   2] act\act_plot_u
* 42.6 : [   2] act\act_plot_weak
* 42.6 : [   2] act\act_pseudodog1
* 42.6 : [   1] act\act_psevdogigant
* 42.6 : [   1] act\act_scientist
* 42.6 : [   1] act\act_scientist_suit_green
* 42.6 : [   1] act\act_scientist_suit_red
* 42.6 : [   1] act\act_stalker_bandit_2
* 42.6 : [   1] act\act_stalker_bandit_3
* 42.6 : [   1] act\act_stalker_bandit_3a
* 42.6 : [   1] act\act_stalker_dolg_1
* 42.6 : [   1] act\act_stalker_dolg_2
* 42.6 : [   1] act\act_stalker_dolg_3
* 42.6 : [   1] act\act_stalker_dolg_4
* 42.6 : [   1] act\act_stalker_freedom_1
* 42.6 : [   1] act\act_stalker_freedom_2
* 42.6 : [   1] act\act_stalker_freedom_4
* 42.6 : [   1] act\act_stalker_freedom_5
* 42.6 : [   1] act\act_stalker_hero
* 42.6 : [   1] act\act_stalker_merc_2
* 42.6 : [   1] act\act_stalker_merc_4
* 42.6 : [   1] act\act_stalker_monolith_1
* 42.6 : [   1] act\act_stalker_monolith_2
* 42.6 : [   1] act\act_stalker_monolith_3
* 42.6 : [   1] act\act_stalker_monolith_4
* 42.6 : [   1] act\act_stalker_neutral_2
* 42.6 : [   1] act\act_stalker_neutral_3
* 42.6 : [   1] act\act_stalker_neutral_4
* 42.6 : [   1] act\act_stalker_soldier_4
* 42.6 : [   1] prop\prop_wooden_crate_1
* 42.6 : [   2] wood\wood_walls8
* 42.6 : [   1] act\act_face_01_bump
* 42.6 : [   1] act\act_face_01_bump#
* 42.6 : [   1] act\act_face_04_bump
* 42.6 : [   1] act\act_face_04_bump#
* 42.6 : [   1] act\act_face_08_bump
* 42.6 : [   1] act\act_face_08_bump#
* 42.6 : [   1] act\act_face_mask_01_bump
* 42.6 : [   1] act\act_face_mask_01_bump#
* 42.6 : [   1] act\act_face_mask_02_bump
* 42.6 : [   1] act\act_face_mask_02_bump#
* 42.6 : [   1] act\act_face_mask_03_bump
* 42.6 : [   1] act\act_face_mask_03_bump#
* 42.6 : [   1] act\act_face_mask_04_bump
* 42.6 : [   1] act\act_face_mask_04_bump#
* 42.6 : [   1] act\act_face_painted_01_bump
* 42.6 : [   1] act\act_face_painted_01_bump#
* 42.6 : [   1] act\act_face_zombie_01_bump
* 42.6 : [   1] act\act_face_zombie_01_bump#
* 42.6 : [   1] act\act_faces_1_01_bump
* 42.6 : [   1] act\act_faces_1_01_bump#
* 42.6 : [   1] act\act_faces_1_03_bump
* 42.6 : [   1] act\act_faces_1_03_bump#
* 42.6 : [   1] act\act_faces_1_05_bump
* 42.6 : [   1] act\act_faces_1_05_bump#
* 42.6 : [   1] act\act_faces_1_07_bump
* 42.6 : [   1] act\act_faces_1_07_bump#
* 42.6 : [   1] act\act_faces_1_08_bump
* 42.6 : [   1] act\act_faces_1_08_bump#
* 42.6 : [   1] act\act_faces_2_01_bump
* 42.6 : [   1] act\act_faces_2_01_bump#
* 42.6 : [   1] act\act_faces_2_02_bump
* 42.6 : [   1] act\act_faces_2_02_bump#
* 42.6 : [   1] act\act_faces_2_03_bump
* 42.6 : [   1] act\act_faces_2_03_bump#
* 42.6 : [   1] act\act_faces_2_04_bump
* 42.6 : [   1] act\act_faces_2_04_bump#
* 42.6 : [   1] act\act_faces_2_05_bump
* 42.6 : [   1] act\act_faces_2_05_bump#
* 42.6 : [   1] act\act_faces_2_07_bump
* 42.6 : [   1] act\act_faces_2_07_bump#
* 42.6 : [   1] act\act_faces_2_08_bump
* 42.6 : [   1] act\act_faces_2_08_bump#
* 42.6 : [   1] act\act_faces_3_01_bump
* 42.6 : [   1] act\act_faces_3_01_bump#
* 42.6 : [   1] act\act_faces_3_03_bump
* 42.6 : [   1] act\act_faces_3_03_bump#
* 42.6 : [   1] act\act_faces_3_04_bump
* 42.6 : [   1] act\act_faces_3_04_bump#
* 42.6 : [   1] act\act_faces_3_06_bump
* 42.6 : [   1] act\act_faces_3_06_bump#
* 42.6 : [   1] act\act_faces_3_07_bump
* 42.6 : [   1] act\act_faces_3_07_bump#
* 42.6 : [   1] act\act_faces_4_02_bump
* 42.6 : [   1] act\act_faces_4_02_bump#
* 42.6 : [   1] act\act_faces_4_03_bump
* 42.6 : [   1] act\act_faces_4_03_bump#
* 42.6 : [   1] act\act_stalker_soldier_1_bump
* 42.6 : [   1] act\act_stalker_soldier_1_bump#
* 42.6 : [   2] act\act_stalker_soldier_2_bump
* 42.6 : [   2] act\act_stalker_soldier_2_bump#
* 42.6 : [   2] door\door_lift_01_bump
* 42.6 : [   2] door\door_lift_01_bump#
* 42.7 : [   2] fx\fx_noise2
* 42.7 : [   1] pfx\pfx_dist_glass3
* 42.7 : [   1] pfx\pfx_smokepuffs2
* 42.7 : [   1] pfx\pfx_sparks
* 42.7 : [   1] act\act_face_soldier_bandan_07
* 42.7 : [   1] item\item_guitar
* 42.7 : [   1] item\item_ustroystva
* 42.7 : [   1] item\item_x_files
* 42.7 : [   1] prop\prop_item2
* 42.7 : [   1] prop\prop_item3
* 42.7 : [   2] prop\prop_iten4
* 42.7 : [   1] prop\prop_pult5
* 42.7 : [   1] wpn\ammo_12x70
* 42.7 : [   1] wpn\ammo_12x70_blue
* 42.7 : [   1] wpn\bolt
* 42.7 : [   1] wpn\deagle_rail
* 42.7 : [   1] wpn\glock17_flash_laser
* 42.7 : [   1] wpn\glock17_magazine
* 42.7 : [   1] wpn\glock18_magazine
* 42.7 : [   1] wpn\silencer_hexagon12
* 42.7 : [   1] wpn\usp_match_supressor
* 42.7 : [   1] wpn\wpn_assault_handler
* 42.7 : [   1] wpn\wpn_mag_saiga12_10rnd
* 42.7 : [   1] wpn\wpn_mag_saiga12_5rnd
* 42.7 : [   1] wpn\wpn_saiga12_bolt
* 42.7 : [   1] wpn\wpn_saiga12_foregrip
* 42.7 : [   1] wpn\wpn_saiga12_stock
* 42.7 : [   1] pfx\pfx_woodchips1
* 42.7 : [   1] pfx\pfx_woodchips3
* 42.7 : [   1] wpn\p90_silencer
* 42.7 : [   1] item\item_poison_gas_bump
* 42.7 : [   1] item\item_poison_gas_bump#
* 42.7 : [   1] pfx\pfx_shells2
* 42.7 : [   1] wpn\deagle_compensator_silver_bump
* 42.7 : [   1] wpn\deagle_compensator_silver_bump#
* 42.7 : [   1] wpn\wpn_saiga12_handler_bump
* 42.7 : [   1] wpn\wpn_saiga12_handler_bump#
* 48.1 : [   2] sky\sky_cube_weapons
* 64.1 : [   1] fx\fx_sun_fog
* 64.1 : [   1] fx\fx_sun_halo
* 64.1 : [   1] ui\ui_font_console_02
* 64.1 : [   1] ui\ui_font_din_next_20_bold_1024
* 64.1 : [   1] ui\ui_font_din_next_23_bold_1024
* 64.1 : [   1] ui\ui_font_din_next_28_bold_1024
* 64.1 : [   1] ui\ui_font_graff_19_1024
* 64.1 : [   1] ui\ui_font_graff_22_1024
* 64.1 : [   1] ui\ui_font_hud_01
* 85.2 : [   3] act\act_arm_1_exo_bump
* 85.2 : [   3] act\act_arm_1_exo_bump#
* 85.2 : [   1] act\act_burer_bump
* 85.2 : [   1] act\act_burer_bump#
* 85.2 : [   2] act\act_controller_bump
* 85.2 : [   2] act\act_controller_bump#
* 85.2 : [   1] act\act_gasmask_bump
* 85.2 : [   1] act\act_gasmask_bump#
* 85.2 : [   2] act\act_gasmask_weak_bump
* 85.2 : [   2] act\act_gasmask_weak_bump#
* 85.2 : [   1] act\act_himera_bump
* 85.2 : [   1] act\act_himera_bump#
* 85.2 : [   3] act\act_krovosos_1
* 85.2 : [   8] act\act_krovosos_1_bump
* 85.2 : [   8] act\act_krovosos_1_bump#
* 85.2 : [   3] act\act_krovosos_2
* 85.2 : [   3] act\act_krovosos_3
* 85.2 : [   2] act\act_mutant_boar
* 85.2 : [   2] act\act_mutant_boar_bump
* 85.2 : [   2] act\act_mutant_boar_bump#
* 85.2 : [   2] act\act_mutant_boar_u
* 85.2 : [   1] act\act_mutant_boar_u_bump
* 85.2 : [   1] act\act_mutant_boar_u_bump#
* 85.2 : [   4] act\act_plot_bump
* 85.2 : [   4] act\act_plot_bump#
* 85.2 : [   2] act\act_plot_u_bump
* 85.2 : [   2] act\act_plot_u_bump#
* 85.2 : [   1] act\act_pseudodog1_bump
* 85.2 : [   1] act\act_pseudodog1_bump#
* 85.2 : [   1] act\act_psevdogigant_bump
* 85.2 : [   1] act\act_psevdogigant_bump#
* 85.2 : [   1] act\act_scientist_bump
* 85.2 : [   1] act\act_scientist_bump#
* 85.2 : [   2] act\act_scientist_suit_bump
* 85.2 : [   2] act\act_scientist_suit_bump#
* 85.2 : [   2] act\act_stalker_bandit_2_bump
* 85.2 : [   2] act\act_stalker_bandit_2_bump#
* 85.2 : [   1] act\act_stalker_bandit_3_bump
* 85.2 : [   1] act\act_stalker_bandit_3_bump#
* 85.2 : [   1] act\act_stalker_bandit_3a_bump
* 85.2 : [   1] act\act_stalker_bandit_3a_bump#
* 85.2 : [   3] act\act_stalker_dolg_1_bump
* 85.2 : [   3] act\act_stalker_dolg_1_bump#
* 85.2 : [   1] act\act_stalker_dolg_2_bump
* 85.2 : [   1] act\act_stalker_dolg_2_bump#
* 85.2 : [   6] act\act_stalker_dolg_4_bump
* 85.2 : [   6] act\act_stalker_dolg_4_bump#
* 85.2 : [   1] act\act_stalker_freedom_1_bump
* 85.2 : [   1] act\act_stalker_freedom_1_bump#
* 85.2 : [   1] act\act_stalker_freedom_2_bump
* 85.2 : [   1] act\act_stalker_freedom_2_bump#
* 85.2 : [   4] act\act_stalker_hero_bump
* 85.2 : [   4] act\act_stalker_hero_bump#
* 85.2 : [   1] act\act_stalker_monolith_1_bump
* 85.2 : [   1] act\act_stalker_monolith_1_bump#
* 85.2 : [   1] act\act_stalker_monolith_2_bump
* 85.2 : [   1] act\act_stalker_monolith_2_bump#
* 85.2 : [   1] act\act_stalker_nebo_1_bump
* 85.2 : [   1] act\act_stalker_nebo_1_bump#
* 85.2 : [   1] act\act_stalker_nebo_2_bump
* 85.2 : [   1] act\act_stalker_nebo_2_bump#
* 85.2 : [   1] act\act_stalker_nebo_3_bump
* 85.2 : [   1] act\act_stalker_nebo_3_bump#
* 85.2 : [   1] act\act_stalker_neutral_2_bump
* 85.2 : [   1] act\act_stalker_neutral_2_bump#
* 85.2 : [   1] prop\prop_wooden_crate_1_bump
* 85.2 : [   1] prop\prop_wooden_crate_1_bump#
* 85.2 : [   2] wood\wood_walls8_bump
* 85.2 : [   2] wood\wood_walls8_bump#
* 85.3 : [   1] pfx\pfx_ani-smoke-01
* 85.3 : [   1] pfx\pfx_anomaly_1
* 85.3 : [   1] pfx\pfx_anomaly_10
* 85.3 : [   1] pfx\pfx_anomaly_16
* 85.3 : [   1] pfx\pfx_anomaly_18
* 85.3 : [   1] pfx\pfx_anomaly_19
* 85.3 : [   1] pfx\pfx_anomaly_3
* 85.3 : [   1] pfx\pfx_anomaly_4
* 85.3 : [   1] pfx\pfx_anomaly_5
* 85.3 : [   1] pfx\pfx_anomaly_6
* 85.3 : [   1] pfx\pfx_anomaly_8
* 85.3 : [   1] pfx\pfx_anomaly_88
* 85.3 : [   1] pfx\pfx_anomaly_9
* 85.3 : [   1] pfx\pfx_bloodsplash2
* 85.3 : [   1] pfx\pfx_blurry_cloud
* 85.3 : [   1] pfx\pfx_brick
* 85.3 : [   1] pfx\pfx_light1
* 85.3 : [   1] pfx\pfx_light3
* 85.3 : [   1] pfx\pfx_light4
* 85.3 : [   1] pfx\pfx_lightning_01
* 85.3 : [   1] pfx\pfx_lightning_02
* 85.3 : [   1] pfx\pfx_ligth_6
* 85.3 : [   1] pfx\pfx_plasma
* 85.3 : [   1] pfx\pfx_skinsplash1
* 85.3 : [   1] pfx\pfx_smoke_a
* 85.3 : [   1] pfx\pfx_smoke_b
* 85.3 : [   1] pfx\pfx_teleport
* 85.3 : [   1] pfx\pfx_test_textures
* 85.3 : [   1] wpn\glock17_slide
* 85.3 : [   1] wpn\glock18_slide
* 85.3 : [   1] wpn\wpn_saiga12_cover
* 85.3 : [   1] act\act_face_soldier_bandan_07_bump
* 85.3 : [   1] act\act_face_soldier_bandan_07_bump#
* 85.3 : [   1] detail\detail_fabric_det2
* 85.3 : [   6] detail\detail_metall_det1
* 85.3 : [   3] detail\detail_metall_det2
* 85.3 : [   5] detail\detail_metall_det3
* 85.3 : [  13] detail\detail_skin_1
* 85.3 : [   1] detail\detail_stucco_det1
* 85.3 : [   2] detail\detail_wood_det2
* 85.3 : [   2] prop\prop_instrument_1
* 85.3 : [   2] wpn\ammo_12x70_bump
* 85.3 : [   2] wpn\ammo_12x70_bump#
* 85.3 : [   1] wpn\bolt_bump
* 85.3 : [   1] wpn\bolt_bump#
* 85.3 : [   1] wpn\deagle_rail_bump
* 85.3 : [   1] wpn\deagle_rail_bump#
* 85.3 : [   1] wpn\glock17_flash_laser_bump
* 85.3 : [   1] wpn\glock17_flash_laser_bump#
* 85.3 : [   1] wpn\glock17_magazine_bump
* 85.3 : [   1] wpn\glock17_magazine_bump#
* 85.3 : [   1] wpn\glock18_magazine_bump
* 85.3 : [   1] wpn\glock18_magazine_bump#
* 85.3 : [   1] wpn\silencer_45_bump
* 85.3 : [   1] wpn\silencer_45_bump#
* 85.3 : [   1] wpn\silencer_918_bump
* 85.3 : [   1] wpn\silencer_918_bump#
* 85.3 : [   1] wpn\silencer_hexagon12_bump
* 85.3 : [   1] wpn\silencer_hexagon12_bump#
* 85.3 : [   1] wpn\silencer_svd_bump
* 85.3 : [   1] wpn\silencer_svd_bump#
* 85.3 : [   1] wpn\usp_match_supressor_bump
* 85.3 : [   1] wpn\usp_match_supressor_bump#
* 85.3 : [   1] wpn\wpn_aksu_foregrip_bump
* 85.3 : [   1] wpn\wpn_aksu_foregrip_bump#
* 85.3 : [   1] wpn\wpn_assault_handler_bump
* 85.3 : [   1] wpn\wpn_assault_handler_bump#
* 85.3 : [   1] wpn\wpn_mag_saiga12_10rnd_bump
* 85.3 : [   1] wpn\wpn_mag_saiga12_10rnd_bump#
* 85.3 : [   1] wpn\wpn_mag_saiga12_5rnd_bump
* 85.3 : [   1] wpn\wpn_mag_saiga12_5rnd_bump#
* 85.3 : [   1] wpn\wpn_saiga12_bolt_bump
* 85.3 : [   1] wpn\wpn_saiga12_bolt_bump#
* 85.3 : [   1] wpn\wpn_saiga12_foregrip_bump
* 85.3 : [   1] wpn\wpn_saiga12_foregrip_bump#
* 85.3 : [   1] wpn\wpn_saiga12_stock_bump
* 85.3 : [   1] wpn\wpn_saiga12_stock_bump#
* 85.3 : [   2] detail\detail_metall_det2_v2
* 85.3 : [   1] wpn\p90_silencer_bump
* 85.3 : [   1] wpn\p90_silencer_bump#
* 106.9 : [   1] artifact\artifact_lavahell1
* 128.1 : [   1] ui\ui_font_din_next_36_bold_1024
* 128.1 : [   1] ui\ui_font_din_next_40_bold_1024
* 128.1 : [   1] ui\ui_font_graff_32_1024
* 128.1 : [   1] ui\ui_font_letter_25_1024
* 170.4 : [   1] act\act_gasmask
* 170.4 : [   1] act\act_stalker_bandit_1
* 170.4 : [   1] act\act_stalker_nebo_1
* 170.4 : [   1] act\act_stalker_nebo_2
* 170.4 : [   1] act\act_stalker_nebo_3
* 170.4 : [   1] act\act_stalker_neutral_1
* 170.4 : [   1] act\act_stalker_neutral_1a
* 170.4 : [   5] act\act_arm_1_bump
* 170.4 : [   5] act\act_arm_1_bump#
* 170.6 : [   1] pfx\pfx_anomaly_2
* 170.6 : [   1] pfx\pfx_anomaly_23
* 170.6 : [   1] pfx\pfx_anomaly_2_green
* 170.6 : [   1] pfx\pfx_anomaly_7
* 170.6 : [   1] pfx\pfx_concretepuffs_01
* 170.6 : [   1] pfx\pfx_lighting_stancia_01
* 170.6 : [   1] pfx\pfx_lighting_stancia_02
* 170.6 : [   1] pfx\pfx_shells1
* 170.6 : [   1] pfx\pfx_smokepuffs1
* 170.6 : [   1] act\cod_bo2_stalker_gloves
* 170.6 : [   1] act\cod_bo2_stalker_sleeves
* 170.6 : [   1] item\item_pda_screen_world
* 170.6 : [   1] wpn\flashbang_body
* 170.6 : [   1] wpn\flashbang_fuse
* 170.6 : [   1] wpn\glock17_frame
* 170.6 : [   1] wpn\mini_klesh
* 170.6 : [   1] wpn\p90_flashlight
* 170.6 : [   1] wpn\rdgm
* 170.6 : [   1] wpn\rgn
* 170.6 : [   1] wpn\rgo
* 170.6 : [   1] wpn\silencer_45
* 170.6 : [   1] wpn\silencer_556
* 170.6 : [   1] wpn\silencer_918
* 170.6 : [   1] wpn\silencer_svd
* 170.6 : [   1] wpn\silencer_tgpa
* 170.6 : [   1] wpn\sr1m_silencer
* 170.6 : [   1] wpn\usp_match
* 170.6 : [   1] wpn\wpn_aksu_foregrip
* 170.6 : [   1] wpn\wpn_ammo
* 170.6 : [   1] wpn\wpn_anpeq16a
* 170.6 : [   1] wpn\wpn_flashassault
* 170.6 : [   1] wpn\wpn_gp25
* 170.6 : [   1] wpn\wpn_knife_ak74
* 170.6 : [   1] wpn\wpn_knife_kcb
* 170.6 : [   1] wpn\wpn_knife_nsak
* 170.6 : [   1] wpn\wpn_laserassault
* 170.6 : [   1] wpn\wpn_m203_ironsight
* 170.6 : [   1] wpn\wpn_m433hedp
* 170.6 : [   1] wpn\wpn_mag_5x45_30rnd_backelite
* 170.6 : [   1] wpn\wpn_mag_5x45_45rnd_backelite
* 170.6 : [   1] wpn\wpn_mag_5x45_45rnd_black
* 170.6 : [   1] wpn\wpn_mag_5x45_60rnd
* 170.6 : [   1] wpn\wpn_ots14_scope
* 170.6 : [   1] wpn\wpn_protecta
* 170.6 : [   1] wpn\wpn_rpg-7_grenade
* 170.6 : [   1] wpn\wpn_saiga12
* 170.6 : [   1] wpn\wpn_scope_elcan
* 170.6 : [   1] wpn\wpn_scope_eotech
* 170.6 : [   1] wpn\wpn_sg550_foregrip_rail
* 170.6 : [   1] wpn\wpn_stechkin_silencer
* 170.6 : [   1] wpn\wpn_svu_upgrade
* 170.6 : [   1] wpn\wpn_tactical_handler
* 170.6 : [   1] wpn\wpn_vog
* 170.6 : [   1] wpn\x5l_viridian
* 170.6 : [   1] act\act_puh
* 170.6 : [   7] detail\detail_metall_det2_v
* 170.6 : [   3] detail\detail_wood_det2_v
* 170.6 : [   1] wpn\glock17_slide_bump
* 170.6 : [   1] wpn\glock17_slide_bump#
* 170.6 : [   1] wpn\glock18_slide_bump
* 170.6 : [   1] wpn\glock18_slide_bump#
* 170.6 : [   1] wpn\p90_base_bump#
* 170.6 : [   1] wpn\p90_mag_bump#
* 170.6 : [   1] wpn\wpn_saiga12_cover_bump
* 170.6 : [   1] wpn\wpn_saiga12_cover_bump#
* 256.1 : [   1] ui\ui_font_graff_50_1024
* 256.1 : [   1] ui\ui_font_hud_02
* 256.1 : [   1] wpn\sights
* 340.8 : [   1] act\act_gasmask_u
* 340.8 : [   1] act\act_gasmask_weak
* 340.8 : [   2] act\act_mutant_boar_weak
* 341.1 : [   1] act\act_arm_10
* 341.1 : [   1] act\act_arm_11
* 341.1 : [   1] act\act_arm_13
* 341.1 : [   1] act\act_arm_15
* 341.1 : [   1] act\act_arm_2
* 341.1 : [   1] act\act_arm_3
* 341.1 : [   1] act\act_arm_5
* 341.1 : [   1] act\act_arm_7
* 341.1 : [   1] act\act_arm_8
* 341.1 : [   1] act\act_arm_9
* 341.1 : [   1] wpn\wpn_scope_cobra
* 341.1 : [   3] act\act_krovosos_4
* 341.1 : [   1] act\cod_bo2_stalker_gloves_bump
* 341.1 : [   1] act\cod_bo2_stalker_gloves_bump#
* 341.1 : [   1] act\cod_bo2_stalker_sleeves_bump
* 341.1 : [   1] act\cod_bo2_stalker_sleeves_bump#
* 341.1 : [   1] act\cod_ghosts_exo_computer_glass
* 341.1 : [   1] act\cod_ghosts_exo_computer_glass_bump
* 341.1 : [   1] act\cod_ghosts_exo_computer_glass_bump#
* 341.1 : [   1] item\item_vodka_bump
* 341.1 : [   1] item\item_vodka_bump#
* 341.1 : [   1] item\item_vodka_russian
* 341.1 : [ 314] sky\sky_oblaka
* 341.1 : [   1] wpn\flashbang_body_bump
* 341.1 : [   1] wpn\flashbang_body_bump#
* 341.1 : [   1] wpn\flashbang_fuse_bump
* 341.1 : [   1] wpn\flashbang_fuse_bump#
* 341.1 : [   1] wpn\glock17_frame_bump
* 341.1 : [   1] wpn\glock17_frame_bump#
* 341.1 : [   1] wpn\lenses_bump
* 341.1 : [   1] wpn\lenses_bump#
* 341.1 : [   1] wpn\mini_klesh_bump
* 341.1 : [   1] wpn\mini_klesh_bump#
* 341.1 : [   1] wpn\p90_flashlight_bump
* 341.1 : [   1] wpn\p90_flashlight_bump#
* 341.1 : [   1] wpn\p90_scope_bump#
* 341.1 : [   1] wpn\rdgm_bump
* 341.1 : [   1] wpn\rdgm_bump#
* 341.1 : [   1] wpn\rgn_bump
* 341.1 : [   1] wpn\rgn_bump#
* 341.1 : [   1] wpn\rgo_bump
* 341.1 : [   1] wpn\rgo_bump#
* 341.1 : [   1] wpn\silencer_556_bump
* 341.1 : [   1] wpn\silencer_556_bump#
* 341.1 : [   1] wpn\silencer_tgpa_bump
* 341.1 : [   1] wpn\silencer_tgpa_bump#
* 341.1 : [   1] wpn\sr1m_silencer_bump
* 341.1 : [   1] wpn\sr1m_silencer_bump#
* 341.1 : [   1] wpn\usp_match_bump
* 341.1 : [   1] wpn\usp_match_bump#
* 341.1 : [   1] wpn\wpn_anpeq16a_bump
* 341.1 : [   1] wpn\wpn_anpeq16a_bump#
* 341.1 : [   1] wpn\wpn_flashassault_bump
* 341.1 : [   1] wpn\wpn_flashassault_bump#
* 341.1 : [   1] wpn\wpn_gp25_bump
* 341.1 : [   1] wpn\wpn_gp25_bump#
* 341.1 : [   1] wpn\wpn_knife_ak74_bump
* 341.1 : [   1] wpn\wpn_knife_ak74_bump#
* 341.1 : [   1] wpn\wpn_knife_kcb_bump
* 341.1 : [   1] wpn\wpn_knife_kcb_bump#
* 341.1 : [   1] wpn\wpn_knife_nsak_bump
* 341.1 : [   1] wpn\wpn_knife_nsak_bump#
* 341.1 : [   1] wpn\wpn_laserassault_bump
* 341.1 : [   1] wpn\wpn_laserassault_bump#
* 341.1 : [   1] wpn\wpn_m203_ironsight_bump
* 341.1 : [   1] wpn\wpn_m203_ironsight_bump#
* 341.1 : [   1] wpn\wpn_m433hedp_bump
* 341.1 : [   1] wpn\wpn_m433hedp_bump#
* 341.1 : [   1] wpn\wpn_mag_5x45_30rnd_backelite_bump
* 341.1 : [   1] wpn\wpn_mag_5x45_30rnd_backelite_bump#
* 341.1 : [   1] wpn\wpn_mag_5x45_45rnd_backelite_bump
* 341.1 : [   1] wpn\wpn_mag_5x45_45rnd_backelite_bump#
* 341.1 : [   1] wpn\wpn_mag_5x45_45rnd_black_bump
* 341.1 : [   1] wpn\wpn_mag_5x45_45rnd_black_bump#
* 341.1 : [   1] wpn\wpn_mag_5x45_60rnd_bump
* 341.1 : [   1] wpn\wpn_mag_5x45_60rnd_bump#
* 341.1 : [   1] wpn\wpn_ots14_scope_bump
* 341.1 : [   1] wpn\wpn_ots14_scope_bump#
* 341.1 : [   1] wpn\wpn_rpg-7_grenade_bump
* 341.1 : [   1] wpn\wpn_rpg-7_grenade_bump#
* 341.1 : [   1] wpn\wpn_saiga12_bump
* 341.1 : [   1] wpn\wpn_saiga12_bump#
* 341.1 : [   1] wpn\wpn_scope_eotech_bump
* 341.1 : [   1] wpn\wpn_scope_eotech_bump#
* 341.1 : [   1] wpn\wpn_sg550_foregrip_rail_bump
* 341.1 : [   1] wpn\wpn_sg550_foregrip_rail_bump#
* 341.1 : [   1] wpn\wpn_stechkin_silencer_bump
* 341.1 : [   1] wpn\wpn_stechkin_silencer_bump#
* 341.1 : [   1] wpn\wpn_svu_upgrade_bump
* 341.1 : [   1] wpn\wpn_svu_upgrade_bump#
* 341.1 : [   1] wpn\wpn_tactical_handler_bump
* 341.1 : [   1] wpn\wpn_tactical_handler_bump#
* 341.1 : [   2] wpn\wpn_upgrade
* 341.1 : [   1] wpn\wpn_vog_bump
* 341.1 : [   1] wpn\wpn_vog_bump#
* 341.1 : [   1] wpn\x5l_viridian_bump
* 341.1 : [   1] wpn\x5l_viridian_bump#
* 512.1 : [   1] ui\ui_font_din_next_76_bold_1024
* 682.2 : [   1] pfx\pfx_explotions_3
* 682.2 : [   1] act\act_arm_14
* 682.2 : [   1] act\act_arm_17
* 682.2 : [   1] act\act_arm_1_exo
* 682.2 : [   1] act\act_arm_2_exo
* 682.2 : [   1] act\act_arm_3_exo
* 682.2 : [   1] act\act_arm_6
* 682.2 : [   1] item\item_guitarfp_diff
* 682.2 : [   1] wpn\deagle_silver
* 682.2 : [   1] wpn\fort12
* 682.2 : [   1] wpn\fort17
* 682.2 : [   1] wpn\grach
* 682.2 : [   1] wpn\gsh18
* 682.2 : [   1] wpn\p90_scope
* 682.2 : [   1] wpn\pm
* 682.2 : [   1] wpn\pmm
* 682.2 : [   1] wpn\scope_rakurs
* 682.2 : [   1] wpn\silencer_919
* 682.2 : [   1] wpn\sr1m
* 682.2 : [   1] wpn\wpn_an94
* 682.2 : [   1] wpn\wpn_hkump45
* 682.2 : [   1] wpn\wpn_m203
* 682.2 : [   1] wpn\wpn_ots14
* 682.2 : [   1] wpn\wpn_ots14_addons
* 682.2 : [   1] wpn\wpn_p220
* 682.2 : [   1] wpn\wpn_p220r
* 682.2 : [   1] wpn\wpn_scope_1pn93x1
* 682.2 : [   1] wpn\wpn_scope_1pn93x4
* 682.2 : [   1] wpn\wpn_scope_aimpoint
* 682.2 : [   1] wpn\wpn_scope_kashtan
* 682.2 : [   1] wpn\wpn_scope_pgo7v
* 682.2 : [   1] wpn\wpn_scope_pka
* 682.2 : [   1] wpn\wpn_scope_pn23
* 682.2 : [   1] wpn\wpn_scope_pso1as
* 682.2 : [   1] wpn\wpn_scope_pso1sn
* 682.2 : [   1] wpn\wpn_sg550
* 682.2 : [   1] wpn\wpn_sg552
* 682.2 : [   1] wpn\wpn_stec_apb
* 682.2 : [   1] wpn\wpn_svd
* 682.2 : [   1] wpn\wpn_val
* 682.2 : [   1] act\act_arm_15_bump
* 682.2 : [   1] act\act_arm_15_bump#
* 682.2 : [   1] act\act_arm_3_bump
* 682.2 : [   1] act\act_arm_3_bump#
* 682.2 : [   3] act\act_arm_7_bump
* 682.2 : [   3] act\act_arm_7_bump#
* 682.2 : [   1] wpn\p90_base
* 682.2 : [   1] wpn\p90_base_bump
* 682.2 : [   1] wpn\p90_mag
* 682.2 : [   1] wpn\wpn_scope_cobra_bump
* 682.2 : [   1] wpn\wpn_scope_cobra_bump#
* 768.1 : [   1] sky\af3_foggy\06-00
* 768.1 : [   1] sky\af3_foggy\07-00
* 768.1 : [   3] sky\af3_foggy\09-00
* 768.1 : [   7] sky\af3_foggy\10-00
* 768.1 : [   2] sky\af3_foggy\11-00
* 768.1 : [   2] sky\af3_foggy\12-00
* 768.1 : [   8] sky\af3_foggy\13-00
* 768.1 : [   2] sky\af3_foggy\14-00
* 768.1 : [   3] sky\af3_foggy\15-00
* 768.1 : [   2] sky\af3_foggy\16-00
* 768.1 : [   2] sky\af3_foggy\17-00
* 768.1 : [   6] sky\af3_foggy\18-00
* 768.1 : [   2] sky\af3_foggy\19-00
* 768.1 : [   2] sky\af3_foggy\20-00
* 768.1 : [   5] sky\sky_12_vibros_cube
* 768.1 : [  26] sky\sky_13_cube
* 768.1 : [  18] sky\sky_13_cube_night
* 768.1 : [  12] sky\sky_13_vibros_cube
* 768.1 : [  11] sky\sky_14_cube
* 768.1 : [   4] sky\sky_17_clouds_cube
* 768.1 : [   5] sky\sky_17_cube
* 768.1 : [   9] sky\sky_18_cube
* 768.1 : [  14] sky\sky_19_cube
* 768.1 : [   5] sky\sky_1_clouds_cube
* 768.1 : [   4] sky\sky_20_clouds_cube
* 768.1 : [   5] sky\sky_20_cube
* 768.1 : [   4] sky\sky_2_clouds_cube
* 768.1 : [   5] sky\sky_2_cube
* 768.1 : [  16] sky\sky_3_cube
* 768.1 : [   4] sky\sky_4_cube
* 768.1 : [  35] sky\sky_5_cube
* 768.1 : [  10] sky\sky_6_cube
* 768.1 : [  14] sky\sky_7_cube
* 768.1 : [  10] sky\sky_8_cube
* 768.1 : [  55] sky\sky_9_cube
* 1024.1 : [   1] crosshair\crosshair_1pn93x1
* 1024.1 : [   1] crosshair\crosshair_1pn93x4
* 1024.1 : [   1] crosshair\crosshair_contur
* 1024.1 : [   1] crosshair\crosshair_kashtan
* 1024.1 : [   1] crosshair\crosshair_pn23
* 1024.1 : [   1] crosshair\crosshair_pu
* 1024.1 : [   1] crosshair\crosshair_rakurs
* 1024.1 : [   1] ui\ui_actor_multiplayer_game_menu
* 1024.1 : [   1] ui\ui_actor_sleep_screen
* 1024.1 : [   2] wpn\lenses
* 1364.3 : [   1] pfx\pfx_ani-explosion-02
* 1364.3 : [   1] pfx\pfx_ani-explosion-02-b-a
* 1364.3 : [   1] pfx\pfx_ani-explosion-02a
* 1364.3 : [   1] pfx\pfx_ani-fire01
* 1364.3 : [   1] pfx\pfx_explotions_2
* 1364.3 : [   1] pfx\pfx_explotions_4
* 1364.3 : [   1] pfx\pfx_explotions_smoke
* 1364.3 : [   1] wpn\wpn_rpg_7
* 1364.3 : [   1] wpn\wpn_svu
* 1364.3 : [   3] act\act_arm_6_bump
* 1364.3 : [   3] act\act_arm_6_bump#
* 1364.3 : [   1] item\item_guitarfp_bump
* 1364.3 : [   1] item\item_guitarfp_bump#
* 1364.3 : [   1] item\item_pda
* 1364.3 : [   1] wpn\deagle_silver_bump
* 1364.3 : [   1] wpn\deagle_silver_bump#
* 1364.3 : [   1] wpn\fort12_bump
* 1364.3 : [   1] wpn\fort12_bump#
* 1364.3 : [   1] wpn\fort17_bump
* 1364.3 : [   1] wpn\fort17_bump#
* 1364.3 : [   1] wpn\grach_bump
* 1364.3 : [   1] wpn\grach_bump#
* 1364.3 : [   1] wpn\gsh18_bump
* 1364.3 : [   1] wpn\gsh18_bump#
* 1364.3 : [   1] wpn\p90_scope_bump
* 1364.3 : [   1] wpn\pm_bump
* 1364.3 : [   1] wpn\pm_bump#
* 1364.3 : [   1] wpn\pmm_bump
* 1364.3 : [   1] wpn\pmm_bump#
* 1364.3 : [   1] wpn\scope_rakurs_bump
* 1364.3 : [   1] wpn\scope_rakurs_bump#
* 1364.3 : [   1] wpn\silencer_919_bump
* 1364.3 : [   1] wpn\silencer_919_bump#
* 1364.3 : [   1] wpn\sr1m_bump
* 1364.3 : [   1] wpn\sr1m_bump#
* 1364.3 : [   1] wpn\wpn_ak101
* 1364.3 : [   1] wpn\wpn_ak74m_bump
* 1364.3 : [   1] wpn\wpn_ak74m_bump#
* 1364.3 : [   1] wpn\wpn_an94_bump
* 1364.3 : [   1] wpn\wpn_an94_bump#
* 1364.3 : [   1] wpn\wpn_hkump45_bump
* 1364.3 : [   1] wpn\wpn_hkump45_bump#
* 1364.3 : [   1] wpn\wpn_m203_bump
* 1364.3 : [   1] wpn\wpn_m203_bump#
* 1364.3 : [   1] wpn\wpn_ots14_addons_bump
* 1364.3 : [   1] wpn\wpn_ots14_addons_bump#
* 1364.3 : [   1] wpn\wpn_ots14_bump
* 1364.3 : [   1] wpn\wpn_ots14_bump#
* 1364.3 : [   1] wpn\wpn_p220_bump
* 1364.3 : [   1] wpn\wpn_p220_bump#
* 1364.3 : [   1] wpn\wpn_p220r_bump
* 1364.3 : [   1] wpn\wpn_p220r_bump#
* 1364.3 : [   1] wpn\wpn_scope_1pn93x1_bump
* 1364.3 : [   1] wpn\wpn_scope_1pn93x1_bump#
* 1364.3 : [   1] wpn\wpn_scope_1pn93x4_bump
* 1364.3 : [   1] wpn\wpn_scope_1pn93x4_bump#
* 1364.3 : [   1] wpn\wpn_scope_aimpoint_bump
* 1364.3 : [   1] wpn\wpn_scope_aimpoint_bump#
* 1364.3 : [   1] wpn\wpn_scope_elcan_bump
* 1364.3 : [   1] wpn\wpn_scope_elcan_bump#
* 1364.3 : [   1] wpn\wpn_scope_kashtan_bump
* 1364.3 : [   1] wpn\wpn_scope_kashtan_bump#
* 1364.3 : [   1] wpn\wpn_scope_pgo7v_bump
* 1364.3 : [   1] wpn\wpn_scope_pgo7v_bump#
* 1364.3 : [   1] wpn\wpn_scope_pka_bump
* 1364.3 : [   1] wpn\wpn_scope_pka_bump#
* 1364.3 : [   1] wpn\wpn_scope_pn23_bump
* 1364.3 : [   1] wpn\wpn_scope_pn23_bump#
* 1364.3 : [   1] wpn\wpn_scope_pso1as_bump
* 1364.3 : [   1] wpn\wpn_scope_pso1as_bump#
* 1364.3 : [   1] wpn\wpn_scope_pso1sn_bump
* 1364.3 : [   1] wpn\wpn_scope_pso1sn_bump#
* 1364.3 : [   1] wpn\wpn_sg550_bump
* 1364.3 : [   1] wpn\wpn_sg550_bump#
* 1364.3 : [   1] wpn\wpn_sg552_bump
* 1364.3 : [   1] wpn\wpn_sg552_bump#
* 1364.3 : [   1] wpn\wpn_stechkin_bump
* 1364.3 : [   1] wpn\wpn_stechkin_bump#
* 1364.3 : [   1] wpn\wpn_svd_bump
* 1364.3 : [   1] wpn\wpn_svd_bump#
* 1364.3 : [   1] wpn\wpn_val_bump
* 1364.3 : [   1] wpn\wpn_val_bump#
* 2048.1 : [   1] crosshair\crosshair_elcan
* 2048.1 : [   1] crosshair\crosshair_pgo7v
* 2048.1 : [   1] crosshair\crosshair_pso1as
* 2048.1 : [   1] crosshair\crosshair_pso1sn
* 2048.1 : [   1] intro\intro_default
* 2048.1 : [   1] ui\ui_actor_weapons
* 2048.1 : [   1] wpn\p90_mag_bump
* 2728.7 : [   1] wpn\wpn_rpg_7_bump
* 2728.7 : [   1] wpn\wpn_rpg_7_bump#
* 2728.7 : [   1] wpn\wpn_svu_bump
* 2728.7 : [   1] wpn\wpn_svu_bump#
* 4096.1 : [   1] ui\ui_actor_lobby
* 4096.1 : [   1] ui\ui_icon_equipment
* 4096.1 : [   1] ui\ui_loadgame_screen
* 4096.1 : [   1] ui\ui_main_menu
* 8192.1 : [   1] ui\ui_actor_ingame_new
"c:\game\x-ray multiplayer extension\game\bin\xrengine.exe" -addon=xrmpe_callofpripyat.addon -use_all_spawn
Entering function: CLevel::net_start1
Exiting function: CLevel::net_start1
Entering function: CLevel::net_start2
Exiting function: CLevel::net_start2
Entering function: CLevel::net_start3
Exiting function: CLevel::net_start3
Entering function: CLevel::net_start4
Exiting function: CLevel::net_start4
Entering function: CLevel::net_start_client1
* phase time: 365 ms
* phase cmem: 788951 K
Exiting function: CLevel::net_start_client1
Entering function: CLevel::net_start_client2
* calculating checksum of *.addon
-- [IPureClient] Connecting to server at 127.0.0.1:5446
--- Received map name from server: zaton
--- Received addon name from server: xrmpe_callofpripyat.addon
* WARNING: player not logged in
* client : connection accepted - <All Ok>
Exiting function: CLevel::net_start_client2
Entering function: CLevel::net_start_client3
* phase time: 24522 ms
* phase cmem: 791630 K
* phase time: 182 ms
* phase cmem: 791617 K
* phase time: 5932 ms
* phase cmem: 893667 K
compiling shader deffer_base_bump_d-hq
compiling shader deffer_base_bump
compiling shader shadow_direct_base
compiling shader base_lplanes
compiling shader deffer_base_flat
compiling shader deffer_base_steep_d-hq
compiling shader shadow_direct_base_aref
compiling shader deffer_base_bump-hq
compiling shader deffer_base_flat_d
compiling shader deffer_base_flat_d
compiling shader deffer_base_steep-hq
compiling shader vert
compiling shader vert
compiling shader deffer_base_aref_flat_d
compiling shader simple
compiling shader wmark
compiling shader deffer_base_lmh_bump_d-hq
compiling shader deffer_base_lmh_bump_d-hq
compiling shader deffer_base_lmh_bump
compiling shader deffer_base_lmh_bump
compiling shader deffer_base_lmh_flat
compiling shader deffer_base_lmh_flat
compiling shader deffer_base_lmh_steep_d-hq
compiling shader deffer_base_lmh_bump-hq
compiling shader deffer_base_lmh_bump-hq
compiling shader deffer_base_lmh_aref_bump_d-hq
compiling shader deffer_base_lmh_aref_bump
compiling shader deffer_base_lmh_flat_d
compiling shader deffer_base_lmh_flat_d
compiling shader deffer_base_lmh_aref_flat
compiling shader deffer_base_lmh_aref_steep_d-hq
compiling shader lmapE
compiling shader lmapE
compiling shader deffer_base_lmh_aref_bump-hq
compiling shader deffer_impl_flat_d
compiling shader deffer_impl_flat_d
compiling shader deffer_impl_flat
compiling shader deffer_base_aref_bump_d-hq
compiling shader water_soft
compiling shader water_soft
compiling shader waterd_soft
compiling shader waterd_soft
compiling shader deffer_tree_s_bump_d-hq
compiling shader deffer_tree_s_bump
compiling shader shadow_direct_base
compiling shader shadow_direct_tree_s
compiling shader lod
compiling shader lod
compiling shader deffer_tree_bump-hq
compiling shader deffer_tree_bump
compiling shader shadow_direct_tree
compiling shader deffer_tree_bump_d-hq
compiling shader deffer_tree_flat
* phase time: 248 ms
* phase cmem: 894527 K
* [Loading VB] 65524 verts, 2047 Kb
* [Loading VB] 49375 verts, 1542 Kb
* [Loading VB] 65532 verts, 2047 Kb
* [Loading VB] 65535 verts, 2047 Kb
* [Loading VB] 65535 verts, 2047 Kb
* [Loading VB] 65534 verts, 2047 Kb
* [Loading VB] 65535 verts, 2047 Kb
* [Loading VB] 65532 verts, 2047 Kb
* [Loading VB] 65534 verts, 2047 Kb
* [Loading VB] 65532 verts, 2047 Kb
* [Loading VB] 65534 verts, 2047 Kb
* [Loading VB] 65535 verts, 2047 Kb
* [Loading VB] 65534 verts, 2047 Kb
* [Loading VB] 65535 verts, 2047 Kb
* [Loading VB] 65535 verts, 2047 Kb
* [Loading VB] 65535 verts, 2047 Kb
* [Loading VB] 65533 verts, 2047 Kb
* [Loading VB] 65533 verts, 2047 Kb
* [Loading VB] 65535 verts, 2047 Kb
* [Loading VB] 65534 verts, 2047 Kb
* [Loading VB] 65532 verts, 2047 Kb
* [Loading VB] 65533 verts, 2047 Kb
* [Loading VB] 65534 verts, 2047 Kb
* [Loading VB] 65530 verts, 2047 Kb
* [Loading VB] 65535 verts, 2047 Kb
* [Loading VB] 65532 verts, 2047 Kb
* [Loading VB] 65533 verts, 2047 Kb
* [Loading VB] 65535 verts, 2047 Kb
* [Loading VB] 65532 verts, 2047 Kb
* [Loading VB] 65535 verts, 2047 Kb
* [Loading VB] 65534 verts, 2047 Kb
* [Loading VB] 62064 verts, 1939 Kb
* [Loading VB] 65534 verts, 2047 Kb
* [Loading VB] 65534 verts, 2047 Kb
* [Loading VB] 65533 verts, 2047 Kb
* [Loading VB] 20072 verts, 627 Kb
* [Loading IB] 1048575 indices, 2047 Kb
* [Loading IB] 1048575 indices, 2047 Kb
* [Loading IB] 1048575 indices, 2047 Kb
* [Loading IB] 1048575 indices, 2047 Kb
* [Loading IB] 1048575 indices, 2047 Kb
* [Loading IB] 1048575 indices, 2047 Kb
* [Loading IB] 1048575 indices, 2047 Kb
* [Loading IB] 1048575 indices, 2047 Kb
* [Loading IB] 1048575 indices, 2047 Kb
* [Loading IB] 1048575 indices, 2047 Kb
* [Loading IB] 1048575 indices, 2047 Kb
* [Loading IB] 1048572 indices, 2047 Kb
* [Loading IB] 393270 indices, 768 Kb
* [Loading VB] 65535 verts, 767 Kb
* [Loading VB] 65535 verts, 767 Kb
* [Loading VB] 65534 verts, 767 Kb
* [Loading VB] 65535 verts, 767 Kb
* [Loading VB] 65535 verts, 767 Kb
* [Loading VB] 65535 verts, 767 Kb
* [Loading VB] 65534 verts, 767 Kb
* [Loading VB] 65534 verts, 767 Kb
* [Loading VB] 65534 verts, 767 Kb
* [Loading VB] 65535 verts, 767 Kb
* [Loading VB] 65535 verts, 767 Kb
* [Loading VB] 65535 verts, 767 Kb
* [Loading VB] 65534 verts, 767 Kb
* [Loading VB] 65535 verts, 767 Kb
* [Loading VB] 65535 verts, 767 Kb
* [Loading VB] 65533 verts, 767 Kb
* [Loading VB] 65533 verts, 767 Kb
* [Loading VB] 41404 verts, 485 Kb
* [Loading IB] 1048575 indices, 2047 Kb
* [Loading IB] 1048575 indices, 2047 Kb
* [Loading IB] 1048575 indices, 2047 Kb
* [Loading IB] 1048575 indices, 2047 Kb
* [Loading IB] 1048575 indices, 2047 Kb
* [Loading IB] 1048575 indices, 2047 Kb
* [Loading IB] 1048575 indices, 2047 Kb
* [Loading IB] 1048572 indices, 2047 Kb
* [Loading IB] 1048572 indices, 2047 Kb
* [Loading IB] 1048575 indices, 2047 Kb
* [Loading IB] 760575 indices, 1485 Kb
* phase time: 290 ms
* phase cmem: 1026014 K
* phase time: 215 ms
* phase cmem: 1031398 K
compiling shader deffer_detail_w_flat
compiling shader deffer_detail_s_flat
* [DETAILS] VertexConsts(256), Batch(61)
* [DETAILS] 10126 v(20), 5368 p
* [DETAILS] Batch(61), VB(197K), IB(31K)
* phase time: 97 ms
* phase cmem: 1031634 K
* Loading HOM: c:\game\x-ray multiplayer extension\game\gamedata\levels\zaton\level.hom
* phase time: 98 ms
* phase cmem: 1031887 K
* calculating checksum of level.geom
Exiting function: CLevel::net_start_client3
* phase time: 835 ms
* phase cmem: 1050074 K
* connection sync: 0 ms
Entering function: CLevel::net_start_client5
* phase time: 92 ms
* phase cmem: 1050074 K
* t-report - base: 1816, 353557 K
* t-report - lmap: 16, 16386 K
Exiting function: CLevel::net_start_client5
Entering function: CLevel::net_start_client6
Exiting function: CLevel::net_start_client6
Entering function: CLevel::net_start_client6
Exiting function: CLevel::net_start_client6
Entering function: CLevel::net_start_client6
Exiting function: CLevel::net_start_client6
Entering function: CLevel::net_start_client6
* WARNING: player not logged in
-- xrVoice: Connecting to Vivox server...
* Response resp_connector_create returned 'Handle Taken'(5006)
* phase time: 1005 ms
* phase cmem: 1115310 K
Loading sounds...
Loading objects...
! auto-generated bump map: wpn\pkm\pkm_bump#
! auto-generated bump map: wpn\pkm\pkm_bump
Loading models...
compiling shader models_pda_screen
compiling shader model_env_lq_2
* [prefetch] time:    2078 ms
* [prefetch] memory:  226863Kb
Exiting function: CLevel::net_start_client6
Entering function: CLevel::net_start_client6
Exiting function: CLevel::net_start_client6
Entering function: CLevel::net_start_client6
Exiting function: CLevel::net_start_client6
Entering function: CLevel::net_start_client6
Exiting function: CLevel::net_start_client6
Entering function: CLevel::net_start_client6
Exiting function: CLevel::net_start_client6
Entering function: CLevel::net_start_client6
Exiting function: CLevel::net_start_client6
Entering function: CLevel::net_start_client6
Exiting function: CLevel::net_start_client6
Entering function: CLevel::net_start_client6
Exiting function: CLevel::net_start_client6
Entering function: CLevel::net_start_client6
Exiting function: CLevel::net_start_client6
Entering function: CLevel::net_start_client6
Exiting function: CLevel::net_start_client6
Entering function: CLevel::net_start_client6
Exiting function: CLevel::net_start_client6
Entering function: CLevel::net_start_client6
Exiting function: CLevel::net_start_client6
Entering function: CLevel::net_start_client6
Exiting function: CLevel::net_start_client6
Entering function: CLevel::net_start_client6
Exiting function: CLevel::net_start_client6
Entering function: CLevel::net_start_client6
Exiting function: CLevel::net_start_client6
Entering function: CLevel::net_start_client6
Exiting function: CLevel::net_start_client6
Entering function: CLevel::net_start_client6
Exiting function: CLevel::net_start_client6
Entering function: CLevel::net_start_client6
Exiting function: CLevel::net_start_client6
Entering function: CLevel::net_start_client6
Exiting function: CLevel::net_start_client6
Entering function: CLevel::net_start_client6
Exiting function: CLevel::net_start_client6
Entering function: CLevel::net_start_client6
Exiting function: CLevel::net_start_client6
Entering function: CLevel::net_start_client6
Exiting function: CLevel::net_start_client6
Entering function: CLevel::net_start_client6
Exiting function: CLevel::net_start_client6
Entering function: CLevel::net_start_client6
Exiting function: CLevel::net_start_client6
Entering function: CLevel::net_start_client6
Exiting function: CLevel::net_start_client6
Entering function: CLevel::net_start_client6
Exiting function: CLevel::net_start_client6
Entering function: CLevel::net_start_client6
Exiting function: CLevel::net_start_client6
Entering function: CLevel::net_start_client6
Exiting function: CLevel::net_start_client6
Entering function: CLevel::net_start_client6
Exiting function: CLevel::net_start_client6
Entering function: CLevel::net_start_client6
Exiting function: CLevel::net_start_client6
Entering function: CLevel::net_start_client6
Exiting function: CLevel::net_start_client6
Entering function: CLevel::net_start_client6
Exiting function: CLevel::net_start_client6
Entering function: CLevel::net_start_client6
Exiting function: CLevel::net_start_client6
Entering function: CLevel::net_start_client6
Exiting function: CLevel::net_start_client6
Entering function: CLevel::net_start_client6
Exiting function: CLevel::net_start_client6
Entering function: CLevel::net_start_client6
Exiting function: CLevel::net_start_client6
Entering function: CLevel::net_start_client6
Exiting function: CLevel::net_start_client6
Entering function: CLevel::net_start_client6
Exiting function: CLevel::net_start_client6
Entering function: CLevel::net_start_client6
Exiting function: CLevel::net_start_client6
Entering function: CLevel::net_start_client6
Exiting function: CLevel::net_start_client6
Entering function: CLevel::net_start_client6
Exiting function: CLevel::net_start_client6
Entering function: CLevel::net_start_client6
Exiting function: CLevel::net_start_client6
Entering function: CLevel::net_start_client6
Exiting function: CLevel::net_start_client6
Entering function: CLevel::net_start_client6
Exiting function: CLevel::net_start_client6
Entering function: CLevel::net_start_client6
Exiting function: CLevel::net_start_client6
Entering function: CLevel::net_start_client6
Exiting function: CLevel::net_start_client6
Entering function: CLevel::net_start_client6
Exiting function: CLevel::net_start_client6
Entering function: CLevel::net_start_client6
Exiting function: CLevel::net_start_client6
Entering function: CLevel::net_start_client6
Exiting function: CLevel::net_start_client6
Entering function: CLevel::net_start_client6
Exiting function: CLevel::net_start_client6
Entering function: CLevel::net_start_client6
Exiting function: CLevel::net_start_client6
Entering function: CLevel::net_start_client6
Exiting function: CLevel::net_start_client6
Entering function: CLevel::net_start_client6
Exiting function: CLevel::net_start_client6
Entering function: CLevel::net_start_client6
Exiting function: CLevel::net_start_client6
Entering function: CLevel::net_start_client6
Exiting function: CLevel::net_start_client6
Entering function: CLevel::net_start_client6
Exiting function: CLevel::net_start_client6
Entering function: CLevel::net_start_client6
Exiting function: CLevel::net_start_client6
Entering function: CLevel::net_start_client6
Exiting function: CLevel::net_start_client6
Entering function: CLevel::net_start_client6
Exiting function: CLevel::net_start_client6
Entering function: CLevel::net_start_client6
Exiting function: CLevel::net_start_client6
Entering function: CLevel::net_start_client6
Exiting function: CLevel::net_start_client6
Entering function: CLevel::net_start_client6
Exiting function: CLevel::net_start_client6
Entering function: CLevel::net_start_client6
Exiting function: CLevel::net_start_client6
Entering function: CLevel::net_start_client6
Exiting function: CLevel::net_start_client6
Entering function: CLevel::net_start_client6
Exiting function: CLevel::net_start_client6
Entering function: CLevel::net_start_client6
Exiting function: CLevel::net_start_client6
Entering function: CLevel::net_start_client6
Exiting function: CLevel::net_start_client6
Entering function: CLevel::net_start_client6
Exiting function: CLevel::net_start_client6
Entering function: CLevel::net_start_client6
Exiting function: CLevel::net_start_client6
Entering function: CLevel::net_start_client6
Exiting function: CLevel::net_start_client6
Entering function: CLevel::net_start_client6
Exiting function: CLevel::net_start_client6
Entering function: CLevel::net_start_client6
Exiting function: CLevel::net_start_client6
Entering function: CLevel::net_start_client6
Exiting function: CLevel::net_start_client6
Entering function: CLevel::net_start_client6
Exiting function: CLevel::net_start_client6
Entering function: CLevel::net_start_client6
Exiting function: CLevel::net_start_client6
Entering function: CLevel::net_start_client6
Exiting function: CLevel::net_start_client6
Entering function: CLevel::net_start_client6
Exiting function: CLevel::net_start_client6
Entering function: CLevel::net_start_client6
Exiting function: CLevel::net_start_client6
Entering function: CLevel::net_start_client6
Exiting function: CLevel::net_start_client6
Entering function: CLevel::net_start_client6
Exiting function: CLevel::net_start_client6
Entering function: CLevel::net_start_client6
Exiting function: CLevel::net_start_client6
Entering function: CLevel::net_start_client6
Exiting function: CLevel::net_start_client6
Entering function: CLevel::net_start_client6
Exiting function: CLevel::net_start_client6
Entering function: CLevel::net_start_client6
Exiting function: CLevel::net_start_client6
Entering function: CLevel::net_start_client6
Exiting function: CLevel::net_start_client6
Entering function: CLevel::net_start_client6
Exiting function: CLevel::net_start_client6
Entering function: CLevel::net_start_client6
Exiting function: CLevel::net_start_client6
Entering function: CLevel::net_start_client6
Exiting function: CLevel::net_start_client6
Entering function: CLevel::net_start_client6
Exiting function: CLevel::net_start_client6
Entering function: CLevel::net_start_client6
Exiting function: CLevel::net_start_client6
Entering function: CLevel::net_start_client6
Exiting function: CLevel::net_start_client6
Entering function: CLevel::net_start_client6
Exiting function: CLevel::net_start_client6
Entering function: CLevel::net_start_client6
Exiting function: CLevel::net_start_client6
Entering function: CLevel::net_start_client6
Exiting function: CLevel::net_start_client6
Entering function: CLevel::net_start_client6
Exiting function: CLevel::net_start_client6
Entering function: CLevel::net_start_client6
Exiting function: CLevel::net_start_client6
Entering function: CLevel::net_start_client6
Exiting function: CLevel::net_start_client6
Entering function: CLevel::net_start_client6
Exiting function: CLevel::net_start_client6
Entering function: CLevel::net_start_client6
Exiting function: CLevel::net_start_client6
Entering function: CLevel::net_start_client6
Exiting function: CLevel::net_start_client6
Entering function: CLevel::net_start_client6
Exiting function: CLevel::net_start_client6
Entering function: CLevel::net_start_client6
Exiting function: CLevel::net_start_client6
Entering function: CLevel::net_start_client6
Exiting function: CLevel::net_start_client6
Entering function: CLevel::net_start_client6
Exiting function: CLevel::net_start_client6
Entering function: CLevel::net_start_client6
Exiting function: CLevel::net_start_client6
Entering function: CLevel::net_start_client6
Exiting function: CLevel::net_start_client6
Entering function: CLevel::net_start_client6
Exiting function: CLevel::net_start_client6
Entering function: CLevel::net_start_client6
Exiting function: CLevel::net_start_client6
Entering function: CLevel::net_start_client6
Exiting function: CLevel::net_start_client6
Entering function: CLevel::net_start_client6
Exiting function: CLevel::net_start_client6
Entering function: CLevel::net_start_client6
Exiting function: CLevel::net_start_client6
Entering function: CLevel::net_start_client6
Exiting function: CLevel::net_start_client6
Entering function: CLevel::net_start_client6
Exiting function: CLevel::net_start_client6
Entering function: CLevel::net_start_client6
Exiting function: CLevel::net_start_client6
Entering function: CLevel::net_start_client6
Exiting function: CLevel::net_start_client6
Entering function: CLevel::net_start_client6
Exiting function: CLevel::net_start_client6
Entering function: CLevel::net_start_client6
Exiting function: CLevel::net_start_client6
Entering function: CLevel::net_start_client6
Exiting function: CLevel::net_start_client6
Entering function: CLevel::net_start_client6
Exiting function: CLevel::net_start_client6
Entering function: CLevel::net_start_client6
Exiting function: CLevel::net_start_client6
Entering function: CLevel::net_start_client6
Exiting function: CLevel::net_start_client6
Entering function: CLevel::net_start_client6
Exiting function: CLevel::net_start_client6
Entering function: CLevel::net_start_client6
Exiting function: CLevel::net_start_client6
Entering function: CLevel::net_start_client6
Exiting function: CLevel::net_start_client6
Entering function: CLevel::net_start_client6
Exiting function: CLevel::net_start_client6
Entering function: CLevel::net_start_client6
Exiting function: CLevel::net_start_client6
Entering function: CLevel::net_start_client6
Exiting function: CLevel::net_start_client6
Entering function: CLevel::net_start_client6
Exiting function: CLevel::net_start_client6
Entering function: CLevel::net_start_client6
Exiting function: CLevel::net_start_client6
Entering function: CLevel::net_start_client6
Exiting function: CLevel::net_start_client6
Entering function: CLevel::net_start_client6
Exiting function: CLevel::net_start_client6
Entering function: CLevel::net_start_client6
Exiting function: CLevel::net_start_client6
Entering function: CLevel::net_start_client6
Exiting function: CLevel::net_start_client6
Entering function: CLevel::net_start_client6
Exiting function: CLevel::net_start_client6
Entering function: CLevel::net_start_client6
Exiting function: CLevel::net_start_client6
Entering function: CLevel::net_start_client6
Exiting function: CLevel::net_start_client6
Entering function: CLevel::net_start_client6
Exiting function: CLevel::net_start_client6
Entering function: CLevel::net_start_client6
Exiting function: CLevel::net_start_client6
Entering function: CLevel::net_start_client6
Exiting function: CLevel::net_start_client6
Entering function: CLevel::net_start_client6
Exiting function: CLevel::net_start_client6
Entering function: CLevel::net_start_client6
Exiting function: CLevel::net_start_client6
Entering function: CLevel::net_start_client6
Exiting function: CLevel::net_start_client6
Entering function: CLevel::net_start_client6
Exiting function: CLevel::net_start_client6
Entering function: CLevel::net_start_client6
Exiting function: CLevel::net_start_client6
Entering function: CLevel::net_start_client6
Exiting function: CLevel::net_start_client6
Entering function: CLevel::net_start_client6
Exiting function: CLevel::net_start_client6
Entering function: CLevel::net_start_client6
Exiting function: CLevel::net_start_client6
Entering function: CLevel::net_start_client6
Exiting function: CLevel::net_start_client6
Entering function: CLevel::net_start_client6
Exiting function: CLevel::net_start_client6
Entering function: CLevel::net_start_client6
Exiting function: CLevel::net_start_client6
Entering function: CLevel::net_start_client6
Exiting function: CLevel::net_start_client6
Entering function: CLevel::net_start_client6
Exiting function: CLevel::net_start_client6
Entering function: CLevel::net_start_client6
Exiting function: CLevel::net_start_client6
Entering function: CLevel::net_start_client6
Exiting function: CLevel::net_start_client6
Entering function: CLevel::net_start_client6
Exiting function: CLevel::net_start_client6
Entering function: CLevel::net_start_client6
Exiting function: CLevel::net_start_client6
Entering function: CLevel::net_start_client6
Exiting function: CLevel::net_start_client6
Entering function: CLevel::net_start_client6
Exiting function: CLevel::net_start_client6
Entering function: CLevel::net_start_client6
Exiting function: CLevel::net_start_client6
Entering function: CLevel::net_start_client6
Exiting function: CLevel::net_start_client6
Entering function: CLevel::net_start_client6
Exiting function: CLevel::net_start_client6
Entering function: CLevel::net_start_client6
Exiting function: CLevel::net_start_client6
Entering function: CLevel::net_start_client6
Exiting function: CLevel::net_start_client6
Entering function: CLevel::net_start_client6
Exiting function: CLevel::net_start_client6
Entering function: CLevel::net_start_client6
Exiting function: CLevel::net_start_client6
Entering function: CLevel::net_start_client6
Exiting function: CLevel::net_start_client6
Entering function: CLevel::net_start_client6
Exiting function: CLevel::net_start_client6
Entering function: CLevel::net_start_client6
Exiting function: CLevel::net_start_client6
Entering function: CLevel::net_start_client6
Exiting function: CLevel::net_start_client6
Entering function: CLevel::net_start_client6
Exiting function: CLevel::net_start_client6
Entering function: CLevel::net_start_client6
Exiting function: CLevel::net_start_client6
Entering function: CLevel::net_start_client6
Exiting function: CLevel::net_start_client6
Entering function: CLevel::net_start_client6
Exiting function: CLevel::net_start_client6
Entering function: CLevel::net_start_client6
Exiting function: CLevel::net_start_client6
Entering function: CLevel::net_start_client6
Exiting function: CLevel::net_start_client6
Entering function: CLevel::net_start_client6
Exiting function: CLevel::net_start_client6
Entering function: CLevel::net_start_client6
Exiting function: CLevel::net_start_client6
Entering function: CLevel::net_start_client6
Exiting function: CLevel::net_start_client6
Entering function: CLevel::net_start_client6
Exiting function: CLevel::net_start_client6
Entering function: CLevel::net_start_client6
Exiting function: CLevel::net_start_client6
Entering function: CLevel::net_start_client6
Exiting function: CLevel::net_start_client6
Entering function: CLevel::net_start_client6
Exiting function: CLevel::net_start_client6
Entering function: CLevel::net_start_client6
Exiting function: CLevel::net_start_client6
Entering function: CLevel::net_start_client6
Exiting function: CLevel::net_start_client6
Entering function: CLevel::net_start_client6
Exiting function: CLevel::net_start_client6
Entering function: CLevel::net_start_client6
Exiting function: CLevel::net_start_client6
Entering function: CLevel::net_start_client6
Exiting function: CLevel::net_start_client6
Entering function: CLevel::net_start_client6
Exiting function: CLevel::net_start_client6
Entering function: CLevel::net_start_client6
Exiting function: CLevel::net_start_client6
Entering function: CLevel::net_start_client6
Exiting function: CLevel::net_start_client6
Entering function: CLevel::net_start_client6
Exiting function: CLevel::net_start_client6
Entering function: CLevel::net_start_client6
Exiting function: CLevel::net_start_client6
Entering function: CLevel::net_start_client6
Exiting function: CLevel::net_start_client6
Entering function: CLevel::net_start_client6
Exiting function: CLevel::net_start_client6
Entering function: CLevel::net_start_client6
Exiting function: CLevel::net_start_client6
Entering function: CLevel::net_start_client6
Exiting function: CLevel::net_start_client6
Entering function: CLevel::net_start_client6
Exiting function: CLevel::net_start_client6
Entering function: CLevel::net_start_client6
Exiting function: CLevel::net_start_client6
Entering function: CLevel::net_start_client6
Exiting function: CLevel::net_start_client6
Entering function: CLevel::net_start_client6
Exiting function: CLevel::net_start_client6
Entering function: CLevel::net_start_client6
Exiting function: CLevel::net_start_client6
Entering function: CLevel::net_start_client6
Exiting function: CLevel::net_start_client6
Entering function: CLevel::net_start_client6
Exiting function: CLevel::net_start_client6
Entering function: CLevel::net_start_client6
* phase time: 5901 ms
* phase cmem: 1374656 K
Exiting function: CLevel::net_start_client6
Entering function: CLevel::net_start5
Exiting function: CLevel::net_start5
Entering function: CLevel::net_start6
Exiting function: CLevel::net_start6
== TEAM: 0
== TEAM: 0
compiling shader model_env_lq_1
[lua] restoring active section sr_idle@3
[lua] restoring active section sr_idle@nil
[lua] restoring active section sr_idle@cl_wait
[lua] restoring active section sr_idle@cl_wait
[lua] restoring active section sr_particle
[lua] restoring active section sr_idle@cl_wait
[lua] restoring active section sr_idle@cl_check
[lua] restoring active section sr_idle@cl_wait
[lua] restoring active section sr_idle@cl_wait
== TEAM: 0
[lua] restoring active section sr_idle@nill
[lua] restoring active section sr_idle@cl_wait_heli_2_cut
[lua] restoring active section sr_idle@cl_wait_heli_5_cut
[lua] restoring active section sr_idle@cl_start
[lua] restoring active section sr_idle@cl_wait
[lua] restoring active section sr_particle@cl
[lua] restoring active section sr_idle@timer
[lua] restoring active section sr_idle@cl_play_roar
[lua] restoring active section sr_idle@cl_task
[lua] restoring active section sr_idle@cl_wait
[lua] restoring active section sr_idle@cl_wait
[lua] restoring active section sr_idle@cl_wait
[lua] restoring active section sr_idle@cl_zat_a23_pick_documents
[actor_degtyarev] Received Info [zat_a1_tutorial_start]
[actor_degtyarev] Received Info [ui_pda_map_local]
[actor_degtyarev] Received Info [global_dialogs]
[actor_degtyarev] Received Info [level_changer_icons]
[actor_degtyarev] Received Info [ui_pda_hide]
[actor_degtyarev] Received Info [ui_pda]
[lua] set_silent_notify
-- TASK MANAGER: NEW TASK zat_b101_heli_5_crash
[lua] set_silent_notify
-- TASK MANAGER: NEW TASK jup_b8_heli_4_crash
[lua] set_silent_notify
-- TASK MANAGER: NEW TASK zat_b28_heli_3_crash
[lua] no_check: zat_b28_heli_3_crash true
[lua] set_silent_notify
-- TASK MANAGER: NEW TASK zat_b100_heli_2_crash
[lua] set_silent_notify
-- TASK MANAGER: NEW TASK jup_b9_heli_1_crash
[lua] set_silent_notify
-- TASK MANAGER: NEW TASK zat_b14_learn_about_strange_occurrence_by_stalkers
[lua] no_check: zat_b14_learn_about_strange_occurrence_by_stalkers true
[lua] set_silent_notify
-- TASK MANAGER: NEW TASK hide_from_surge
[lua] no_check: hide_from_surge true
[lua] set_silent_notify
-- TASK MANAGER: NEW TASK zat_b107_evacuation_zaton
[lua] set_silent_notify
-- TASK MANAGER: NEW TASK zat_b107_evacuation_jupiter
[lua] set_silent_notify
-- TASK MANAGER: NEW TASK zat_b107_evacuation_pripyat
Lycur connected
-- xrVoice: Joining channel...
-- xrVoice: Joining channel...
* Response resp_sessiongroup_add_session returned 'Target Object Does Not Exist'(1001)
-- Request req_aux_set_speaker_level with cookie=(null) completed.
* MEMORY USAGE: 1389215 K
* End of synchronization A[1] R[1]
* phase time: 5465 ms
* phase cmem: 1388190 K
* [win32]: free[1971344 K], reserved[216452 K], committed[2006444 K]
* [ D3D ]: textures[516765 K]
* [x-ray]: crt heap[1388190 K], process heap[1388190 K], game lua[42847 K], render[3630 K]
* [x-ray]: economy: strings[33189 K], smem[21177 K]
[lua] Sending GM_SCRIPT_CHANGE_TASK_MAP_LOCATION f0r story_id pri_a28_evacuation_point
[lua] Sending GM_SCRIPT_CHANGE_TASK_MAP_LOCATION f0r story_id jup_b205_zombie_zone_01
[lua] Sending GM_SCRIPT_CHANGE_TASK_MAP_LOCATION f0r story_id zat_a2_stalker_barmen
[lua] Sending GM_SCRIPT_CHANGE_TASK_MAP_LOCATION f0r story_id jup_b9_heli_1
[lua] Sending GM_SCRIPT_CHANGE_TASK_MAP_LOCATION f0r story_id zat_b100_heli_2
[lua] Sending GM_SCRIPT_CHANGE_TASK_MAP_LOCATION f0r story_id jup_b8_heli_4
[lua] Sending GM_SCRIPT_CHANGE_TASK_MAP_LOCATION f0r story_id zat_b101_heli_5
Flork connected
[lua] GM_SCRIPT_MANAGE_FLAG: ZAT_B40_ACTOR_FIND_MER_CAMP 1
[lua] GM_SCRIPT_MANAGE_FLAG: ZAT_B40_WARNING 1
[lua] GM_SCRIPT_MANAGE_FLAG: ZAT_B40_MERC_IN_COMBAT 1
[lua] GM_SCRIPT_MANAGE_FLAG: ZAT_B40_MERC_COMBAT_FIND_ACTOR 1
[lua] GM_SCRIPT_MANAGE_FLAG: ZAT_B40_CALL_TO_FIGHT_SAD 1
sim_default_killer_07362 killed by actor_partner_regular ...
sim_default_killer_17269 killed by actor_partner_regular ...
sim_default_killer_07336 killed by actor_partner_regular ...
sim_default_killer_07323 killed by actor_partner_regular ...
sim_default_killer_17309 killed by actor_degtyarev ...
sim_default_killer_17282 killed by actor_partner_regular ...
sim_default_killer_17294 killed by actor_partner_regular ...
zat_b40_merc_squad_leader_17232 killed by actor_partner_regular ...
[lua] GM_SCRIPT_MANAGE_FLAG: ZAT_B40_GUARD_LEADER_01_SERCHD 1
zat_b40_merc_squad_leader_27249 killed by actor_degtyarev ...
[lua] GM_SCRIPT_MANAGE_FLAG: ZAT_B40_GUARD_LEADER_02_SERCHD 1
[lua] GM_SCRIPT_MANAGE_FLAG: ZAT_B40_ACTOR_HAS_NOTEBOOK 1
sim_default_killer_07349 killed by actor_degtyarev ...
sim_default_bandit_214238 killed by pseudodog_normal12391 ...
sim_default_bandit_114251 killed by pseudodog_normal12391 ...
[Владыка серверный] Received Info [zat_b54_visited]
sim_default_bandit_014317 killed by sim_default_stalker_014372 ...
sim_default_stalker_014386 killed by sim_default_bandit_014328 ...
sim_default_bandit_014328 killed by sim_default_stalker_014372 ...
pseudodog_normal12391 killed by sim_default_bandit_316733 ...
boar_normal13124 killed by sim_default_bandit_116720 ...
compiling shader yuv2rgb
vpx loading: c:\game\x-ray multiplayer extension\game\gamedata\textures\ui\menu_background_small.webm
vpx video found!
playing video...
play: buffering video...
decodingThread: running...
[lua] Game Version: 0.8.3.9
* [win32]: free[1862464 K], reserved[196196 K], committed[2135580 K]
* [ D3D ]: textures[528480 K]
* [x-ray]: crt heap[1431593 K], process heap[1431977 K], game lua[29458 K], render[3693 K]
* [x-ray]: economy: strings[35215 K], smem[21182 K]
[lua] GM_SCRIPT_MANAGE_FLAG: ZAT_B18_DOG_INDI 1
[lua] GM_SCRIPT_MANAGE_FLAG: ZAT_B18_RESET_MEMORY 1
[lua] GM_SCRIPT_MANAGE_FLAG: ZAT_B18_RESET_MEMORY 0
[lua] GM_SCRIPT_MANAGE_FLAG: ZAT_B18_RESET_MEMORY 1
[lua] GM_SCRIPT_MANAGE_FLAG: ZAT_B18_RESET_MEMORY 0
[lua] GM_SCRIPT_MANAGE_FLAG: ZAT_B18_RESET_MEMORY 1
sim_default_bandit_316733 killed by pseudodog_normal12154 ...
[lua] GM_SCRIPT_MANAGE_FLAG: ZAT_B18_RESET_MEMORY 0
[lua] GM_SCRIPT_MANAGE_FLAG: ZAT_B18_RESET_MEMORY 1
[lua] GM_SCRIPT_MANAGE_FLAG: ZAT_B18_RESET_MEMORY 0
[lua] GM_SCRIPT_MANAGE_FLAG: ZAT_B18_RESET_MEMORY 1
[lua] GM_SCRIPT_MANAGE_FLAG: ZAT_B18_RESET_MEMORY 0
[lua] GM_SCRIPT_MANAGE_FLAG: ZAT_B18_RESET_MEMORY 1
[lua] GM_SCRIPT_MANAGE_FLAG: ZAT_B18_RESET_MEMORY 0
[lua] GM_SCRIPT_MANAGE_FLAG: ZAT_B18_RESET_MEMORY 1
[lua] GM_SCRIPT_MANAGE_FLAG: ZAT_B18_RESET_MEMORY 0
[lua] GM_SCRIPT_MANAGE_FLAG: ZAT_B18_RESET_MEMORY 1
[lua] GM_SCRIPT_MANAGE_FLAG: ZAT_B18_RESET_MEMORY 0
[lua] GM_SCRIPT_MANAGE_FLAG: ZAT_B18_RESET_MEMORY 1
[lua] GM_SCRIPT_MANAGE_FLAG: ZAT_B18_RESET_MEMORY 0
[lua] GM_SCRIPT_MANAGE_FLAG: ZAT_B18_RESET_MEMORY 1
boar_normal13125 killed by sim_default_bandit_116720 ...
[lua] GM_SCRIPT_MANAGE_FLAG: ZAT_B18_RESET_MEMORY 0
[lua] GM_SCRIPT_MANAGE_FLAG: ZAT_B18_RESET_MEMORY 1
[lua] GM_SCRIPT_MANAGE_FLAG: ZAT_B18_RESET_MEMORY 0
[lua] GM_SCRIPT_MANAGE_FLAG: ZAT_B18_RESET_MEMORY 1
[lua] GM_SCRIPT_MANAGE_FLAG: ZAT_B18_RESET_MEMORY 0
[lua] GM_SCRIPT_MANAGE_FLAG: ZAT_B18_RESET_MEMORY 1
[lua] GM_SCRIPT_MANAGE_FLAG: ZAT_B18_RESET_MEMORY 0
[lua] GM_SCRIPT_MANAGE_FLAG: ZAT_B18_RESET_MEMORY 1
[lua] GM_SCRIPT_MANAGE_FLAG: ZAT_B18_RESET_MEMORY 0
[lua] GM_SCRIPT_MANAGE_FLAG: ZAT_B18_RESET_MEMORY 1
[lua] GM_SCRIPT_MANAGE_FLAG: ZAT_B18_RESET_MEMORY 0
[lua] GM_SCRIPT_MANAGE_FLAG: ZAT_B18_RESET_MEMORY 1
[lua] GM_SCRIPT_MANAGE_FLAG: ZAT_B18_RESET_MEMORY 0
[lua] GM_SCRIPT_MANAGE_FLAG: ZAT_B18_RESET_MEMORY 1
[lua] GM_SCRIPT_MANAGE_FLAG: ZAT_B18_RESET_MEMORY 0
[lua] GM_SCRIPT_MANAGE_FLAG: ZAT_B18_RESET_MEMORY 1
[lua] GM_SCRIPT_MANAGE_FLAG: ZAT_B18_RESET_MEMORY 0
[lua] GM_SCRIPT_MANAGE_FLAG: ZAT_B18_RESET_MEMORY 1
[lua] GM_SCRIPT_MANAGE_FLAG: ZAT_B18_RESET_MEMORY 0
[lua] GM_SCRIPT_MANAGE_FLAG: ZAT_B18_RESET_MEMORY 1
[lua] GM_SCRIPT_MANAGE_FLAG: ZAT_B18_RESET_MEMORY 0
[lua] GM_SCRIPT_MANAGE_FLAG: ZAT_B18_RESET_MEMORY 1
[lua] GM_SCRIPT_MANAGE_FLAG: ZAT_B18_RESET_MEMORY 0
sim_default_stalker_014372 killed by actor_partner_regular ...
[lua] GM_SCRIPT_MANAGE_FLAG: ZAT_B18_RESET_MEMORY 1
[lua] GM_SCRIPT_MANAGE_FLAG: ZAT_B18_RESET_MEMORY 0
[lua] GM_SCRIPT_MANAGE_FLAG: ZAT_B18_RESET_MEMORY 1
[lua] GM_SCRIPT_MANAGE_FLAG: ZAT_B18_RESET_MEMORY 0
[lua] GM_SCRIPT_MANAGE_FLAG: ZAT_B18_RESET_MEMORY 1
[lua] GM_SCRIPT_MANAGE_FLAG: ZAT_B18_RESET_MEMORY 0
[lua] GM_SCRIPT_MANAGE_FLAG: ZAT_B18_RESET_MEMORY 1
[lua] GM_SCRIPT_MANAGE_FLAG: ZAT_B18_RESET_MEMORY 0
[lua] GM_SCRIPT_MANAGE_FLAG: ZAT_B18_RESET_MEMORY 1
[lua] GM_SCRIPT_MANAGE_FLAG: ZAT_B18_RESET_MEMORY 0
[lua] GM_SCRIPT_MANAGE_FLAG: ZAT_B18_RESET_MEMORY 1
[lua] GM_SCRIPT_MANAGE_FLAG: ZAT_B18_RESET_MEMORY 0
[lua] GM_SCRIPT_MANAGE_FLAG: ZAT_B18_RESET_MEMORY 1
[lua] GM_SCRIPT_MANAGE_FLAG: ZAT_B18_RESET_MEMORY 0
[lua] GM_SCRIPT_MANAGE_FLAG: ZAT_B18_RESET_MEMORY 1
[lua] GM_SCRIPT_MANAGE_FLAG: ZAT_B18_RESET_MEMORY 0
[lua] GM_SCRIPT_MANAGE_FLAG: ZAT_B18_RESET_MEMORY 1
[lua] GM_SCRIPT_MANAGE_FLAG: ZAT_B18_RESET_MEMORY 0
[lua] GM_SCRIPT_MANAGE_FLAG: ZAT_B18_RESET_MEMORY 1
sim_default_stalker_114356 killed by actor_partner_regular ...
[lua] GM_SCRIPT_MANAGE_FLAG: ZAT_B18_RESET_MEMORY 0
[lua] GM_SCRIPT_MANAGE_FLAG: ZAT_B18_RESET_MEMORY 1
[lua] GM_SCRIPT_MANAGE_FLAG: ZAT_B18_RESET_MEMORY 0
[lua] GM_SCRIPT_MANAGE_FLAG: ZAT_B18_RESET_MEMORY 1
[lua] GM_SCRIPT_MANAGE_FLAG: ZAT_B18_RESET_MEMORY 0
[lua] GM_SCRIPT_MANAGE_FLAG: ZAT_B18_RESET_MEMORY 1
[lua] GM_SCRIPT_MANAGE_FLAG: ZAT_B18_RESET_MEMORY 0
[lua] GM_SCRIPT_MANAGE_FLAG: ZAT_B18_RESET_MEMORY 1
[lua] GM_SCRIPT_MANAGE_FLAG: ZAT_B18_RESET_MEMORY 0
[lua] GM_SCRIPT_MANAGE_FLAG: ZAT_B18_RESET_MEMORY 1
[lua] GM_SCRIPT_MANAGE_FLAG: ZAT_B18_RESET_MEMORY 0
[lua] GM_SCRIPT_MANAGE_FLAG: ZAT_B18_RESET_MEMORY 1
[lua] GM_SCRIPT_MANAGE_FLAG: ZAT_B18_RESET_MEMORY 0
[lua] GM_SCRIPT_MANAGE_FLAG: ZAT_B18_RESET_MEMORY 1
[lua] GM_SCRIPT_MANAGE_FLAG: ZAT_B18_RESET_MEMORY 0
[lua] GM_SCRIPT_MANAGE_FLAG: ZAT_B18_RESET_MEMORY 1
[lua] GM_SCRIPT_MANAGE_FLAG: ZAT_B18_RESET_MEMORY 0
[lua] GM_SCRIPT_MANAGE_FLAG: ZAT_B18_RESET_MEMORY 1
[lua] GM_SCRIPT_MANAGE_FLAG: ZAT_B18_RESET_MEMORY 0
[lua] GM_SCRIPT_MANAGE_FLAG: ZAT_B18_RESET_MEMORY 1
[lua] GM_SCRIPT_MANAGE_FLAG: ZAT_B18_RESET_MEMORY 0
[lua] GM_SCRIPT_MANAGE_FLAG: ZAT_B18_RESET_MEMORY 1
[lua] GM_SCRIPT_MANAGE_FLAG: ZAT_B18_RESET_MEMORY 0
[lua] GM_SCRIPT_MANAGE_FLAG: ZAT_B18_RESET_MEMORY 1
[lua] GM_SCRIPT_MANAGE_FLAG: ZAT_B18_RESET_MEMORY 0
[lua] GM_SCRIPT_MANAGE_FLAG: ZAT_B18_RESET_MEMORY 1
[lua] GM_SCRIPT_MANAGE_FLAG: ZAT_B18_RESET_MEMORY 0
[lua] GM_SCRIPT_MANAGE_FLAG: ZAT_B18_RESET_MEMORY 1
[lua] GM_SCRIPT_MANAGE_FLAG: ZAT_B18_RESET_MEMORY 0
[lua] GM_SCRIPT_MANAGE_FLAG: ZAT_B18_RESET_MEMORY 1
[lua] GM_SCRIPT_MANAGE_FLAG: ZAT_B18_RESET_MEMORY 0
[lua] GM_SCRIPT_MANAGE_FLAG: ZAT_B18_RESET_MEMORY 1
[lua] GM_SCRIPT_MANAGE_FLAG: ZAT_B18_RESET_MEMORY 0
[lua] GM_SCRIPT_MANAGE_FLAG: ZAT_B18_RESET_MEMORY 1
[lua] GM_SCRIPT_MANAGE_FLAG: ZAT_B18_RESET_MEMORY 0
[lua] GM_SCRIPT_MANAGE_FLAG: ZAT_B18_RESET_MEMORY 1
[lua] GM_SCRIPT_MANAGE_FLAG: ZAT_B18_RESET_MEMORY 0
[lua] GM_SCRIPT_MANAGE_FLAG: ZAT_B18_RESET_MEMORY 1
[lua] GM_SCRIPT_MANAGE_FLAG: ZAT_B18_RESET_MEMORY 0
[lua] GM_SCRIPT_MANAGE_FLAG: ZAT_B18_RESET_MEMORY 1
[lua] GM_SCRIPT_MANAGE_FLAG: ZAT_B18_RESET_MEMORY 0
[lua] GM_SCRIPT_MANAGE_FLAG: ZAT_B18_RESET_MEMORY 1
[lua] GM_SCRIPT_MANAGE_FLAG: ZAT_B18_RESET_MEMORY 0
[lua] GM_SCRIPT_MANAGE_FLAG: ZAT_B18_RESET_MEMORY 1
[lua] GM_SCRIPT_MANAGE_FLAG: ZAT_B18_RESET_MEMORY 0
[lua] GM_SCRIPT_MANAGE_FLAG: ZAT_B18_RESET_MEMORY 1
[lua] GM_SCRIPT_MANAGE_FLAG: ZAT_B18_RESET_MEMORY 0
[lua] GM_SCRIPT_MANAGE_FLAG: ZAT_B18_RESET_MEMORY 1
[lua] GM_SCRIPT_MANAGE_FLAG: ZAT_B18_RESET_MEMORY 0
[lua] GM_SCRIPT_MANAGE_FLAG: ZAT_B18_RESET_MEMORY 1
[lua] GM_SCRIPT_MANAGE_FLAG: ZAT_B18_RESET_MEMORY 0
[lua] GM_SCRIPT_MANAGE_FLAG: ZAT_B18_RESET_MEMORY 1
[lua] GM_SCRIPT_MANAGE_FLAG: ZAT_B18_RESET_MEMORY 0
[lua] GM_SCRIPT_MANAGE_FLAG: ZAT_B18_RESET_MEMORY 1
[lua] GM_SCRIPT_MANAGE_FLAG: ZAT_B18_RESET_MEMORY 0
[lua] GM_SCRIPT_MANAGE_FLAG: ZAT_B18_RESET_MEMORY 1
[lua] GM_SCRIPT_MANAGE_FLAG: ZAT_B18_RESET_MEMORY 0
[lua] GM_SCRIPT_MANAGE_FLAG: ZAT_B18_RESET_MEMORY 1
[lua] GM_SCRIPT_MANAGE_FLAG: ZAT_B18_RESET_MEMORY 0
[lua] GM_SCRIPT_MANAGE_FLAG: ZAT_B18_RESET_MEMORY 1
[lua] GM_SCRIPT_MANAGE_FLAG: ZAT_B18_RESET_MEMORY 0
[lua] GM_SCRIPT_MANAGE_FLAG: ZAT_B18_RESET_MEMORY 1
[lua] GM_SCRIPT_MANAGE_FLAG: ZAT_B18_RESET_MEMORY 0
[lua] GM_SCRIPT_MANAGE_FLAG: ZAT_B18_RESET_MEMORY 1
[lua] GM_SCRIPT_MANAGE_FLAG: ZAT_B18_RESET_MEMORY 0
[lua] GM_SCRIPT_MANAGE_FLAG: ZAT_B18_RESET_MEMORY 1
[lua] GM_SCRIPT_MANAGE_FLAG: ZAT_B18_RESET_MEMORY 0
[lua] GM_SCRIPT_MANAGE_FLAG: ZAT_B18_RESET_MEMORY 1
[lua] GM_SCRIPT_MANAGE_FLAG: ZAT_B18_RESET_MEMORY 0
[lua] GM_SCRIPT_MANAGE_FLAG: ZAT_B18_RESET_MEMORY 1
[lua] GM_SCRIPT_MANAGE_FLAG: ZAT_B18_RESET_MEMORY 0
[lua] GM_SCRIPT_MANAGE_FLAG: ZAT_B18_RESET_MEMORY 1
[lua] GM_SCRIPT_MANAGE_FLAG: ZAT_B18_RESET_MEMORY 0
[lua] GM_SCRIPT_MANAGE_FLAG: ZAT_B18_RESET_MEMORY 1
[lua] GM_SCRIPT_MANAGE_FLAG: ZAT_B18_RESET_MEMORY 0
[lua] GM_SCRIPT_MANAGE_FLAG: ZAT_B18_RESET_MEMORY 1
[lua] GM_SCRIPT_MANAGE_FLAG: ZAT_B18_RESET_MEMORY 0
[lua] GM_SCRIPT_MANAGE_FLAG: ZAT_B18_RESET_MEMORY 1
[lua] GM_SCRIPT_MANAGE_FLAG: ZAT_B18_RESET_MEMORY 0
[lua] GM_SCRIPT_MANAGE_FLAG: ZAT_B18_RESET_MEMORY 1
[lua] GM_SCRIPT_MANAGE_FLAG: ZAT_B18_RESET_MEMORY 0
[lua] GM_SCRIPT_MANAGE_FLAG: ZAT_B18_RESET_MEMORY 1
[lua] GM_SCRIPT_MANAGE_FLAG: ZAT_B18_RESET_MEMORY 0
[lua] GM_SCRIPT_MANAGE_FLAG: ZAT_B18_RESET_MEMORY 1
[lua] GM_SCRIPT_MANAGE_FLAG: ZAT_B18_RESET_MEMORY 0
[lua] GM_SCRIPT_MANAGE_FLAG: ZAT_B18_RESET_MEMORY 1
[lua] GM_SCRIPT_MANAGE_FLAG: ZAT_B18_RESET_MEMORY 0
[lua] GM_SCRIPT_MANAGE_FLAG: ZAT_B18_RESET_MEMORY 1
[lua] GM_SCRIPT_MANAGE_FLAG: ZAT_B18_RESET_MEMORY 0
[Владыка серверный] Received Info [zat_b56_visited]
m_poltergeist_normal_flame10767 killed by actor_degtyarev ...
[lua] GM_SCRIPT_MANAGE_FLAG: ZAT_B29_AF_16 0
[lua] GM_SCRIPT_MANAGE_FLAG: ZAT_B29_AF_20 0
[lua] GM_SCRIPT_MANAGE_FLAG: ZAT_B29_AF_23 1
[lua] GM_SCRIPT_MANAGE_FLAG: ZAT_B29_AF_18 1
[lua] GM_SCRIPT_MANAGE_FLAG: ZAT_B103_ACTOR_WARNED_BY_MERC 1
[lua] GM_SCRIPT_MANAGE_FLAG: ZAT_B103_MERC_USED_ACTOR 1
[lua] GM_SCRIPT_MANAGE_FLAG: ZAT_B103_MERC_ABOUT_SUPPLIES_MENTIONED 1
[Flork] Received Info [ui_talk_show]
[lua] GM_SCRIPT_MANAGE_FLAG: ZAT_B103_WARNED_BY_MERCS_SAVED 1
[lua] GM_SCRIPT_MANAGE_FLAG: ZAT_B103_MERC_BRING_SUPPLIES 1
-- TASK MANAGER: NEW TASK zat_b103_merc_bring_supplies
[lua] Sending GM_SCRIPT_CHANGE_TASK_MAP_LOCATION f0r story_id zat_b103_lost_merc_leader
[lua] GM_SCRIPT_MANAGE_FLAG: ZAT_B103_MERC_TASK_DONE 1
[lua] no_check: zat_b103_merc_bring_supplies nil
[Flork] Received Info [ui_talk_hide]
[lua] GM_SCRIPT_MANAGE_FLAG: ZAT_B103_ACTOR_TAKE_TOOLKIT 1
[lua] GM_SCRIPT_MANAGE_FLAG: ZAT_B103_MERC_USED_ACTOR 0
[lua] GM_SCRIPT_MANAGE_FLAG: ZAT_B103_ACTOR_WARNED_BY_MERC 0
boar_normal10784 killed by pseudodog_normal10782 ...
sim_default_stalker_110831 killed by pseudodog_normal10781 ...
sim_default_stalker_010844 killed by pseudodog_normal10781 ...
pseudodog_normal10782 killed by actor_degtyarev ...
[Владыка серверный] Received Info [zat_b100_visited]
[lua] GM_SCRIPT_MANAGE_FLAG: ZAT_B39_DOG_3_IN_HOME_1 1
[lua] GM_SCRIPT_MANAGE_FLAG: ZAT_B39_DOG_1_IN_HOME_1 1
[lua] GM_SCRIPT_MANAGE_FLAG: ZAT_B39_DOG_2_IN_HOME_1 1
dog_weak15139 killed by flesh_normal12439 ...
dog_strong15140 killed by flesh_normal12436 ...
pseudodog_normal10781 killed by flesh_normal12437 ...
[lua] GM_SCRIPT_MANAGE_FLAG: ZAT_B39_DOG_2_IN_HOME_1 0
[lua] GM_SCRIPT_MANAGE_FLAG: ZAT_B39_DOG_3_IN_HOME_1 0
[lua] GM_SCRIPT_MANAGE_FLAG: ZAT_B39_DOG_1_IN_HOME_1 0
m_poltergeist_normal_tele6693 killed by actor_degtyarev ...
[lua] GM_SCRIPT_MANAGE_FLAG: ZAT_B100_MILITARY_2_SERCHD 1
[lua] GM_SCRIPT_MANAGE_FLAG: ZAT_B100_HELI_2_SEARCHING 1
[lua] GM_SCRIPT_MANAGE_FLAG: ZAT_B100_POLTER_IGNOR_ACTOR 1
[lua] GM_SCRIPT_MANAGE_FLAG: ZAT_B100_THINKING_START 1
[lua] GM_SCRIPT_MANAGE_FLAG: ZAT_B100_ACTOR_HIT 1
[lua] GM_SCRIPT_MANAGE_FLAG: ZAT_B100_HELI_2_CUT 1
[lua] zat_b100_heli_2_cat ZONE ENTER 4062557
[lua] no_check: zat_b100_heli_2_crash nil
[lua] GM_SCRIPT_MANAGE_FLAG: ZAT_B100_HELI_2_SEARCHED 1
[lua] GM_SCRIPT_MANAGE_FLAG: ZAT_B100_SOUND_PLAY 1
[lua] GM_SCRIPT_MANAGE_FLAG: ZAT_B100_HELI_2_CUT_FADE 1
[Lycur] Received Info [zat_b100_got_guide_maps]
[lua] GM_SCRIPT_MANAGE_FLAG: ZAT_B100_MILITARY_1_SERCHD 1
[lua] GM_SCRIPT_MANAGE_FLAG: ZAT_B100_POLTER_IGNOR_ACTOR 0
[lua] GM_SCRIPT_MANAGE_FLAG: ZAT_B100_GUIDE_MAPS_GIVED 1
-- TASK MANAGER: NEW TASK zat_b100_guide_maps
[lua] Sending GM_SCRIPT_CHANGE_TASK_MAP_LOCATION f0r story_id nil
[lua] GM_SCRIPT_MANAGE_FLAG: ZAT_B100_SCENARIO_SAVE_HELI_2_SEARCHED 1
[lua] GM_SCRIPT_MANAGE_FLAG: ZAT_B100_MILITARY_3_SERCHD 1
[Владыка серверный] Received Info [zat_b39_visited]
dog_weak15138 killed by actor_degtyarev ...
boar_normal16137 killed by actor_degtyarev ...
[lua] GM_SCRIPT_MANAGE_FLAG: ZAT_B39_DOG_2_IN_HOME_2 1
[lua] GM_SCRIPT_MANAGE_FLAG: ZAT_B39_DOG_1_IN_HOME_2 1
[lua] GM_SCRIPT_MANAGE_FLAG: ZAT_B39_DOG_3_IN_HOME_2 1
[lua] GM_SCRIPT_MANAGE_FLAG: ZAT_B39_TECH_BUDDIES_JOKER_FOUND 1
[lua] GM_SCRIPT_MANAGE_FLAG: ZAT_B39_DOG_3_IN_HOME_2 0
[lua] GM_SCRIPT_MANAGE_FLAG: ZAT_B39_DOG_2_IN_HOME_2 0
[lua] GM_SCRIPT_MANAGE_FLAG: ZAT_B39_DOG_1_IN_HOME_2 0
flesh_normal12438 killed by actor_partner_regular ...
flesh_normal12436 killed by actor_partner_regular ...
flesh_normal12439 killed by actor_partner_regular ...
flesh_normal12437 killed by actor_partner_regular ...
[lua] GM_SCRIPT_MANAGE_FLAG: ZAT_B39_DOG_1_IN_HOME_3 1
dog_normal7228 killed by actor_partner_regular ...
[lua] GM_SCRIPT_MANAGE_FLAG: ZAT_B39_DOG_3_IN_HOME_3 1
[lua] GM_SCRIPT_MANAGE_FLAG: ZAT_B39_DOG_2_IN_HOME_3 1
[lua] GM_SCRIPT_MANAGE_FLAG: ZAT_B39_DOG_2_IN_HOME_3 0
[lua] GM_SCRIPT_MANAGE_FLAG: ZAT_B39_DOG_3_IN_HOME_3 0
sim_default_bandit_114128 killed by boar_strong12156 ...
[lua] GM_SCRIPT_MANAGE_FLAG: ZAT_B39_DOG_1_IN_HOME_3 0
boar_strong12156 killed by sim_default_bandit_014143 ...
sim_default_bandit_014143 killed by actor_partner_regular ...
[lua] GM_SCRIPT_MANAGE_FLAG: ZAT_B33_ACTOR_GO_DOWN 1
[lua] GM_SCRIPT_MANAGE_FLAG: ZAT_B33_FIND_PACKAGE 1
!! cannot make saved game from client
[lua] GM_SCRIPT_MANAGE_FLAG: ZAT_B33_SCENARIO_SAVE_AFTER_FINDE_PACKAGE 1
[lua] GM_SCRIPT_MANAGE_FLAG: ZAT_B33_SCENARIO_SAVE_AFTER_FINDE_PACKAGE 1
snork_indoor7195 killed by actor_degtyarev ...
snork_indoor7196 killed by actor_degtyarev ...
snork_indoor7194 killed by actor_degtyarev ...
snork_indoor7193 killed by actor_degtyarev ...
[lua] GM_SCRIPT_MANAGE_FLAG: ZAT_B33_SNORK_SPAWN_05 1
[lua] GM_SCRIPT_MANAGE_FLAG: ZAT_B33_SNORK_JUMP_05 1
[Владыка серверный] Received Info [zat_b55_visited]
compiling shader yuv2rgb
vpx loading: c:\game\x-ray multiplayer extension\game\gamedata\textures\ui\menu_background_small.webm
vpx video found!
playing video...
play: buffering video...
decodingThread: running...
[lua] Game Version: 0.8.3.9
* [win32]: free[1863940 K], reserved[150700 K], committed[2179600 K]
* [ D3D ]: textures[530754 K]
* [x-ray]: crt heap[1456904 K], process heap[1456904 K], game lua[34444 K], render[4186 K]
* [x-ray]: economy: strings[40003 K], smem[21183 K]
- Disconnect
CLevel::remove_objects - Start
CLevel::remove_objects - End
~~~ Disconnect
- Destroying level
*  0.0 : [  61] $null
*  0.0 : [   3] $user$accum
*  0.0 : [   1] $user$accum_temp
*  0.0 : [   6] $user$albedo
*  0.0 : [   6] $user$bloom1
*  0.0 : [   2] $user$bloom2
*  0.0 : [   2] $user$cmap0
*  0.0 : [   2] $user$cmap1
*  0.0 : [   2] $user$env_s0
*  0.0 : [   2] $user$env_s1
*  0.0 : [   7] $user$generic0
*  0.0 : [   5] $user$generic1
*  0.0 : [   1] $user$generic2
*  0.0 : [   1] $user$jitter_0
*  0.0 : [   1] $user$jitter_1
*  0.0 : [   1] $user$jitter_2
*  0.0 : [   1] $user$jitter_3
*  0.0 : [   1] $user$jitter_4
*  0.0 : [   2] $user$lum_t64
*  0.0 : [   3] $user$lum_t8
*  0.0 : [   1] $user$luminance_0
*  0.0 : [   1] $user$luminance_1
*  0.0 : [   1] $user$luminance_2
*  0.0 : [   1] $user$luminance_3
*  0.0 : [   8] $user$material
*  0.0 : [  12] $user$normal
*  0.0 : [  12] $user$position
*  0.0 : [   2] $user$postprocess
*  0.0 : [  10] $user$scope
*  0.0 : [   1] $user$sky0
*  0.0 : [   1] $user$sky1
*  0.0 : [   4] $user$smap_depth
*  0.0 : [   3] $user$smap_surf
*  0.0 : [  10] $user$tonemap
*  0.0 : [   2] $user$tonemap_src
*  0.0 : [   2] $user$ui
*  0.0 : [   1] prop\prop_lampa_g
*  0.0 : [   1] prop\prop_lampa_g_red2
*  0.3 : [   1] prop\prop_provod_02
*  0.4 : [   1] fx\fx_flare1
*  0.4 : [   1] ui\ui_console
*  0.7 : [   2] mtl\mtl_bochka_02
*  0.8 : [   1] grad\grad_acidic
*  0.8 : [   1] grad\grad_acidic_mine
*  0.8 : [   1] grad\grad_psi
*  0.8 : [   1] grad\grad_radiation
*  0.8 : [   1] grad\grad_thermal
*  0.8 : [   1] grad\grad_thermal_mine
*  1.3 : [   2] act\act_stalker_head_glass_02
*  1.3 : [   1] wpn\wpn_grenade_bump
*  1.3 : [   1] wpn\wpn_grenade_bump#
*  1.4 : [   1] pfx\pfx_spark_01
*  1.4 : [   1] item\item_key_1
*  1.4 : [   1] artifact\artifact_glow
*  1.4 : [   1] fx\fx_flare2
*  1.4 : [   1] fx\fx_flare3
*  1.4 : [   1] fx\fx_gradient
*  1.4 : [   1] fx\fx_rain
*  1.4 : [   1] fx\fx_sun_rise
*  1.4 : [   1] glow\glow_orange2
*  1.4 : [   1] wm\wm_bullet_asfalt_1
*  1.4 : [   1] wm\wm_bullet_asfalt_2
*  1.4 : [   1] wm\wm_bullet_asfalt_3
*  1.4 : [   1] wm\wm_bullet_brick_1
*  1.4 : [   1] wm\wm_bullet_brick_2
*  1.4 : [   1] wm\wm_bullet_concrete
*  1.4 : [   1] wm\wm_bullet_concrete_1
*  1.4 : [   1] wm\wm_bullet_concrete_2
*  1.4 : [   1] wm\wm_bullet_concrete_4
*  1.4 : [   1] wm\wm_bullet_concrete_5
*  1.4 : [   1] wm\wm_bullet_concrete_6
*  1.4 : [   1] wm\wm_bullet_concrete_7
*  1.4 : [   1] wm\wm_bullet_ground
*  1.4 : [   1] wm\wm_bullet_ground_1
*  1.4 : [   1] wm\wm_bullet_ground_2
*  1.4 : [   1] wm\wm_bullet_metall_thik
*  1.4 : [   1] wm\wm_bullet_metall_thik_1
*  1.4 : [   1] wm\wm_bullet_metall_thik_2
*  1.4 : [   1] wm\wm_bullet_metall_thik_3
*  1.4 : [   1] wm\wm_bullet_metall_thin
*  1.4 : [   1] wm\wm_bullet_metall_thin_1
*  1.4 : [   1] wm\wm_bullet_metall_thin_2
*  1.4 : [   1] wm\wm_bullet_metall_thin_3
*  1.4 : [   1] wm\wm_bullet_metall_thin_4
*  1.4 : [   1] wm\wm_bullet_wood
*  1.4 : [   1] wm\wm_bullet_wood_1
*  1.4 : [   1] wm\wm_bullet_wood_2
*  1.4 : [   1] wm\wm_bullet_wood_3
*  1.4 : [   1] wm\wm_bullet_wood_4
*  1.4 : [   1] wm\wm_bullet_wood_5
*  1.4 : [   1] wm\wm_bullet_wood_6
*  1.4 : [   1] wm\wm_bullet_wood_7
*  1.4 : [   1] wm\wm_bullet_wood_8
*  1.4 : [   1] wm\wm_bullet_wood_9
*  1.4 : [   1] wpn\pkm\pkm_bump
*  1.4 : [   1] wpn\pkm\pkm_bump#
*  2.1 : [   1] grad\grad_steam_mine
*  2.1 : [   1] ui\ui_member_voice_anim
*  2.7 : [   1] act\act_stalker_head_glass
*  2.7 : [   2] mtl\mtl_ventil_pod_01
*  2.7 : [   2] prop\prop_box_3
*  2.7 : [   1] prop\prop_elec_kran
*  2.7 : [   2] prop\prop_electricalunit3
*  2.7 : [   1] prop\prop_fake_bed_fireplace
*  2.7 : [   2] prop\prop_kanistra
*  2.7 : [   2] prop\prop_teapot_1
*  2.7 : [   1] act\act_pseudodog_fur
*  2.7 : [   1] act\act_pseudodog_fur1
*  2.7 : [   1] prop\prop_lampa_galogen
*  2.7 : [   1] pfx\pfx_step_blood
*  2.7 : [   1] wpn\glock17_internals
*  2.7 : [   1] item\item_key_1_bump
*  2.7 : [   1] item\item_key_1_bump#
*  3.0 : [   1] artifact\artifact_anim_dist
*  3.1 : [   5] sky\sky_12_vibros_cube#small
*  3.1 : [  26] sky\sky_13_cube#small
*  3.1 : [  18] sky\sky_13_cube_night#small
*  3.1 : [  12] sky\sky_13_vibros_cube#small
*  3.1 : [  11] sky\sky_14_cube#small
*  3.1 : [   4] sky\sky_17_clouds_cube#small
*  3.1 : [   5] sky\sky_17_cube#small
*  3.1 : [  10] sky\sky_18_cube#small
*  3.1 : [  14] sky\sky_19_cube#small
*  3.1 : [   5] sky\sky_1_clouds_cube#small
*  3.1 : [   4] sky\sky_20_clouds_cube#small
*  3.1 : [   5] sky\sky_20_cube#small
*  3.1 : [   4] sky\sky_2_clouds_cube#small
*  3.1 : [   5] sky\sky_2_cube#small
*  3.1 : [  15] sky\sky_3_cube#small
*  3.1 : [   4] sky\sky_4_cube#small
*  3.1 : [  34] sky\sky_5_cube#small
*  3.1 : [  10] sky\sky_6_cube#small
*  3.1 : [  14] sky\sky_7_cube#small
*  3.1 : [  10] sky\sky_8_cube#small
*  3.1 : [  56] sky\sky_9_cube#small
*  4.1 : [   1] ui\cursor
*  4.1 : [   1] ui\ui_squad_member
*  4.1 : [   1] wpn\zero_alpha
*  5.3 : [   1] act\act_controller_hit1
*  5.3 : [   1] act\act_stalker_head_glass_01
*  5.3 : [   1] act\act_stalker_head_glass_02_bump
*  5.3 : [   1] act\act_stalker_head_glass_02_bump#
*  5.3 : [   1] act\act_stalker_head_glass_bump
*  5.3 : [   1] act\act_stalker_head_glass_bump#
*  5.3 : [   2] door\door_kotelna
*  5.3 : [   2] door\door_lift_01
*  5.3 : [   2] door\door_sheet
*  5.3 : [   2] door\door_white_04
*  5.3 : [   2] mtl\mtl_barrel_02
*  5.3 : [   2] mtl\mtl_barrel_04
*  5.3 : [   2] mtl\mtl_barrel_05
*  5.3 : [   2] mtl\mtl_bochka_01_bump
*  5.3 : [   2] mtl\mtl_bochka_01_bump#
*  5.3 : [   2] mtl\mtl_bochka_02_bump
*  5.3 : [   2] mtl\mtl_bochka_02_bump#
*  5.3 : [   2] prop\prop_ballon1
*  5.3 : [   2] prop\prop_ballon2
*  5.3 : [   2] prop\prop_ballon3
*  5.3 : [   1] prop\prop_bottle_box
*  5.3 : [   2] prop\prop_box_3_bump
*  5.3 : [   2] prop\prop_box_3_bump#
*  5.3 : [   2] prop\prop_electricalunit3_bump
*  5.3 : [   2] prop\prop_electricalunit3_bump#
*  5.3 : [   2] prop\prop_kanistra_bump
*  5.3 : [   2] prop\prop_kanistra_bump#
*  5.3 : [   2] prop\prop_teapot_1_bump
*  5.3 : [   2] prop\prop_teapot_1_bump#
*  5.3 : [   1] wpn\wpn_pm_bump
*  5.3 : [   1] wpn\wpn_pm_bump#
*  5.4 : [   1] pfx\pfx_bubble
*  5.4 : [   1] pfx\pfx_flamefx_01
*  5.4 : [   1] pfx\pfx_leaves_01
*  5.4 : [   1] pfx\pfx_leaves_02
*  5.4 : [   1] pfx\pfx_splash3
*  5.4 : [   1] pfx\pfx_splash_02
*  5.4 : [   1] pfx\pfx_synus
*  5.4 : [   1] pfx\pfx_vehmetaldebris_01
*  5.4 : [   1] wpn\ammo_5x45
*  5.4 : [   1] fx\fx_gradient1
*  5.4 : [   1] fx\fx_rainsplash1
*  5.4 : [   1] fx\fx_snow
*  5.4 : [   1] fx\fx_sun
*  5.4 : [   1] fx\fx_volumefog1
*  5.4 : [   1] glow\glow_04
*  5.4 : [   1] glow\glow_fire1
*  5.4 : [   1] wm\wm_blood_1
*  5.4 : [   1] wm\wm_blood_1_1
*  5.4 : [   1] wm\wm_blood_1_2
*  5.4 : [   1] wm\wm_blood_1_3
*  5.4 : [   1] wm\wm_blood_2
*  5.4 : [   1] wm\wm_blood_3
*  5.4 : [   1] wm\wm_blood_drop_1
*  5.4 : [   1] wm\wm_blood_drop_2
*  5.4 : [   1] wm\wm_blood_drop_3
*  5.4 : [   1] wm\wm_blood_drop_4
*  5.4 : [   1] wm\wm_grenade
*  5.4 : [   1] wm\wm_knife_dead
*  5.4 : [   1] wm\wm_knife_horiz
*  5.4 : [   1] wm\wm_knife_horiz_blood
*  5.4 : [   1] wm\wm_knife_wood
*  5.4 : [   1] wm\wm_knife_wood1
*  5.4 : [   1] wm\wm_knife_wood2
*  5.4 : [   1] glow\glow_galogen
*  6.1 : [   1] sky\af3_foggy\06-00#small
*  6.1 : [   1] sky\af3_foggy\07-00#small
*  6.1 : [   3] sky\af3_foggy\09-00#small
*  6.1 : [   7] sky\af3_foggy\10-00#small
*  6.1 : [   2] sky\af3_foggy\11-00#small
*  6.1 : [   2] sky\af3_foggy\12-00#small
*  6.1 : [   8] sky\af3_foggy\13-00#small
*  6.1 : [   2] sky\af3_foggy\14-00#small
*  6.1 : [   3] sky\af3_foggy\15-00#small
*  6.1 : [   2] sky\af3_foggy\16-00#small
*  6.1 : [   2] sky\af3_foggy\17-00#small
*  6.1 : [   6] sky\af3_foggy\18-00#small
*  6.1 : [   2] sky\af3_foggy\19-00#small
*  6.1 : [   2] sky\af3_foggy\20-00#small
* 10.7 : [   2] act\act_dog_red
* 10.7 : [   2] act\act_dogs_big
* 10.7 : [   2] act\act_dogs_brown
* 10.7 : [   2] act\act_dogs_bulterer
* 10.7 : [   1] act\act_face_soldier_01
* 10.7 : [   2] act\act_poltergeyst
* 10.7 : [   2] act\act_pseudodog
* 10.7 : [   1] act\act_rat01
* 10.7 : [   1] act\act_ryukzak
* 10.7 : [   1] act\act_ryukzak_black
* 10.7 : [   1] act\act_ryukzak_brown
* 10.7 : [   1] act\act_ryukzak_green
* 10.7 : [   1] act\act_stalker_head_antigas_2
* 10.7 : [   2] door\door_katakomb_01
* 10.7 : [   2] door\door_ship_metall
* 10.7 : [   2] door\door_white_02
* 10.7 : [   2] mtl\mtl_bochka_01
* 10.7 : [   1] mtl\mtl_lampa_pod_01
* 10.7 : [   2] mtl\mtl_pod_01
* 10.7 : [   2] prop\prop_blind01
* 10.7 : [   2] prop\prop_dangerbox_2
* 10.7 : [   2] prop\prop_el_shkaf_01
* 10.7 : [   2] prop\prop_freez
* 10.7 : [   1] prop\prop_kitchen_stuff
* 10.7 : [   2] prop\prop_plita
* 10.7 : [   2] prop\prop_spade
* 10.7 : [   2] door\door_kotelna_bump
* 10.7 : [   2] door\door_kotelna_bump#
* 10.7 : [   2] door\door_sheet_bump
* 10.7 : [   2] door\door_sheet_bump#
* 10.7 : [   2] door\door_white_04_bump
* 10.7 : [   2] door\door_white_04_bump#
* 10.7 : [   1] glas\glas_dirt
* 10.7 : [   6] mtl\mtl_barrel_bump
* 10.7 : [   6] mtl\mtl_barrel_bump#
* 10.7 : [   2] mtl\mtl_truba_pod_01
* 10.7 : [   2] mtl\mtl_truba_pod_02
* 10.7 : [   2] prop\prop_ballon1_bump
* 10.7 : [   2] prop\prop_ballon1_bump#
* 10.7 : [   2] prop\prop_ballon2_bump
* 10.7 : [   2] prop\prop_ballon2_bump#
* 10.7 : [   2] prop\prop_ballon3_bump
* 10.7 : [   2] prop\prop_ballon3_bump#
* 10.7 : [   1] pfx\pfx_concretedebris_01
* 10.7 : [   1] artifact\artifact_blood
* 10.7 : [   1] artifact\artifact_mincer_meat
* 10.7 : [   1] artifact\artifact_mp_green
* 10.7 : [   1] artifact\artifact_myasorubka2
* 10.7 : [   1] artifact\artifact_myasorubka3
* 10.7 : [   1] fx\fx_noise
* 10.7 : [   1] item\item_document_01
* 10.7 : [   1] item\item_food
* 10.7 : [   1] item\item_safe_container
* 10.7 : [   1] item\item_small_tools
* 10.7 : [   1] prop\prop_speakerphone
* 10.7 : [   1] wpn\ammo_45acp
* 10.7 : [   1] wpn\ammo_57x28
* 10.7 : [   1] wpn\ammo_5x56
* 10.7 : [   1] wpn\ammo_7-62x54
* 10.7 : [   1] wpn\ammo_9x19
* 10.7 : [   1] wpn\ammo_9x39
* 10.7 : [   1] wpn\wpn_saiga12_dtk
* 10.7 : [   1] wpn\wpn_saiga12_supressor
* 10.7 : [   1] artifact\artifact_fire_light
* 10.7 : [   1] lights\lights_cone_handing_lamp
* 10.7 : [   1] wm\wm_knife_horiz_blood1
* 10.7 : [   1] wm\wm_knife_horiz_metal
* 10.7 : [   1] wm\wm_knife_horiz_ston
* 10.7 : [   1] wpn\ammo_5x45_bump
* 10.7 : [   1] wpn\ammo_5x45_bump#
* 10.7 : [   1] fx\fx_lightning
* 10.7 : [   1] pfx\pfx_laser_beam
* 10.7 : [   1] pfx\pfx_laser_beam_green
* 13.3 : [   1] artifact\artifact_lava
* 16.1 : [   1] item\item_detector_2_indicator
* 16.1 : [   1] ui\ui_font_arial_14_1024
* 16.1 : [   1] ui\ui_grid
* 16.1 : [   1] ui\ui_voice_anim
* 21.3 : [   1] act\act_face_01
* 21.3 : [   1] act\act_face_04
* 21.3 : [   1] act\act_face_08
* 21.3 : [   1] act\act_face_mask_01
* 21.3 : [   1] act\act_face_mask_02
* 21.3 : [   1] act\act_face_mask_03
* 21.3 : [   1] act\act_face_mask_04
* 21.3 : [   1] act\act_face_painted_01
* 21.3 : [   1] act\act_face_zombie_01
* 21.3 : [   1] act\act_faces_1_01
* 21.3 : [   1] act\act_faces_1_03
* 21.3 : [   1] act\act_faces_1_05
* 21.3 : [   1] act\act_faces_1_07
* 21.3 : [   1] act\act_faces_1_08
* 21.3 : [   1] act\act_faces_2_01
* 21.3 : [   1] act\act_faces_2_02
* 21.3 : [   1] act\act_faces_2_03
* 21.3 : [   1] act\act_faces_2_04
* 21.3 : [   1] act\act_faces_2_05
* 21.3 : [   1] act\act_faces_2_07
* 21.3 : [   1] act\act_faces_2_08
* 21.3 : [   1] act\act_faces_3_01
* 21.3 : [   1] act\act_faces_3_03
* 21.3 : [   1] act\act_faces_3_04
* 21.3 : [   1] act\act_faces_3_06
* 21.3 : [   1] act\act_faces_3_07
* 21.3 : [   1] act\act_faces_4_02
* 21.3 : [   1] act\act_faces_4_03
* 21.3 : [   1] act\act_faces_4_04
* 21.3 : [   1] act\act_stalker_freedom_3
* 21.3 : [   1] act\act_stalker_soldier_1
* 21.3 : [   1] act\act_stalker_soldier_2
* 21.3 : [   2] mtl\mtl_angar_a_b
* 21.3 : [   1] act\act_crow
* 21.3 : [   2] act\act_dog_red_bump
* 21.3 : [   2] act\act_dog_red_bump#
* 21.3 : [   2] act\act_dogs_big_bump
* 21.3 : [   2] act\act_dogs_big_bump#
* 21.3 : [   2] act\act_dogs_brown_bump
* 21.3 : [   2] act\act_dogs_brown_bump#
* 21.3 : [   2] act\act_dogs_bulterer_bump
* 21.3 : [   2] act\act_dogs_bulterer_bump#
* 21.3 : [   1] act\act_face_soldier_01_bump
* 21.3 : [   1] act\act_face_soldier_01_bump#
* 21.3 : [   2] act\act_poltergeyst_bump
* 21.3 : [   2] act\act_poltergeyst_bump#
* 21.3 : [   1] act\act_pseudodog_bump
* 21.3 : [   1] act\act_pseudodog_bump#
* 21.3 : [   1] act\act_rat01_bump
* 21.3 : [   1] act\act_rat01_bump#
* 21.3 : [   4] act\act_ryukzak_bump
* 21.3 : [   4] act\act_ryukzak_bump#
* 21.3 : [   1] act\act_stalker_dolg_3_bump
* 21.3 : [   1] act\act_stalker_dolg_3_bump#
* 21.3 : [   1] act\act_stalker_head_antigas_2_bump
* 21.3 : [   1] act\act_stalker_head_antigas_2_bump#
* 21.3 : [   1] act\act_stalker_soldier_4_bump
* 21.3 : [   1] act\act_stalker_soldier_4_bump#
* 21.3 : [   2] door\door_katakomb_01_bump
* 21.3 : [   2] door\door_katakomb_01_bump#
* 21.3 : [   2] door\door_ship_metall_bump
* 21.3 : [   2] door\door_ship_metall_bump#
* 21.3 : [   2] door\door_white_02_bump
* 21.3 : [   2] door\door_white_02_bump#
* 21.3 : [   2] mtl\mtl_pod_01_bump
* 21.3 : [   2] mtl\mtl_pod_01_bump#
* 21.3 : [   2] mtl\mtl_ventil_pod_01_bump
* 21.3 : [   2] mtl\mtl_ventil_pod_01_bump#
* 21.3 : [   2] prop\prop_blind01_bump
* 21.3 : [   2] prop\prop_blind01_bump#
* 21.3 : [   2] prop\prop_dangerbox_2_bump
* 21.3 : [   2] prop\prop_dangerbox_2_bump#
* 21.3 : [   2] prop\prop_el_shkaf_01_bump
* 21.3 : [   2] prop\prop_el_shkaf_01_bump#
* 21.3 : [   2] prop\prop_freez_bump
* 21.3 : [   2] prop\prop_freez_bump#
* 21.3 : [   1] prop\prop_instrument_1_bump
* 21.3 : [   1] prop\prop_instrument_1_bump#
* 21.3 : [   1] prop\prop_iten4_bump
* 21.3 : [   1] prop\prop_iten4_bump#
* 21.3 : [   1] prop\prop_kitchen_stuff_bump
* 21.3 : [   1] prop\prop_kitchen_stuff_bump#
* 21.3 : [   2] prop\prop_plita_bump
* 21.3 : [   2] prop\prop_plita_bump#
* 21.3 : [   2] prop\prop_spade_bump
* 21.3 : [   2] prop\prop_spade_bump#
* 21.3 : [   1] wpn\wpn_protecta_bump
* 21.3 : [   1] wpn\wpn_protecta_bump#
* 21.3 : [   1] wpn\wpn_upgrade_bump
* 21.3 : [   1] wpn\wpn_upgrade_bump#
* 21.3 : [   2] mtl\mtl_truba_ch_02_bump
* 21.3 : [   2] mtl\mtl_truba_ch_02_bump#
* 21.3 : [   2] mtl\mtl_truba_pod_02_bump
* 21.3 : [   2] mtl\mtl_truba_pod_02_bump#
* 21.3 : [   1] pfx\pfx_anomaly_21
* 21.3 : [   1] pfx\pfx_bloodsplash1
* 21.3 : [   1] pfx\pfx_bubble_1
* 21.3 : [   1] pfx\pfx_bubble_water
* 21.3 : [   1] pfx\pfx_dist2
* 21.3 : [   1] pfx\pfx_dist2inv
* 21.3 : [   1] pfx\pfx_dist3
* 21.3 : [   1] pfx\pfx_dist4
* 21.3 : [   1] pfx\pfx_dist7
* 21.3 : [   1] pfx\pfx_dist8
* 21.3 : [   1] pfx\pfx_dist9
* 21.3 : [   1] pfx\pfx_dist_teleport
* 21.3 : [   1] pfx\pfx_distort_anomaly
* 21.3 : [   1] pfx\pfx_distortion
* 21.3 : [   1] pfx\pfx_flame_01
* 21.3 : [   1] pfx\pfx_flash_01
* 21.3 : [   1] pfx\pfx_flash_05
* 21.3 : [   1] pfx\pfx_flash_07
* 21.3 : [   1] pfx\pfx_gologramma
* 21.3 : [   1] pfx\pfx_gradient
* 21.3 : [   1] pfx\pfx_gradient1
* 21.3 : [   1] pfx\pfx_specks
* 21.3 : [   1] pfx\pfx_specks_poison
* 21.3 : [   1] pfx\pfx_spikey_star
* 21.3 : [   1] pfx\pfx_splash_01
* 21.3 : [   1] pfx\pfx_stonedebris1
* 21.3 : [   1] pfx\pfx_stonedebris2
* 21.3 : [   1] pfx\pfx_vehglassdebris_01
* 21.3 : [   1] pfx\pfx_water_wave
* 21.3 : [   1] pfx\pfx_flame
* 21.4 : [   1] item\item_poison_gas
* 21.4 : [   1] wpn\deagle_compensator
* 21.4 : [   1] wpn\deagle_compensator_silver
* 21.4 : [   1] wpn\wpn_hkmp5_rail
* 21.4 : [   1] wpn\wpn_lastochka
* 21.4 : [   1] wpn\wpn_saiga12_handler
* 21.4 : [   1] artifact\artifact_fire
* 21.4 : [   1] artifact\artifact_lighting
* 21.4 : [   1] artifact\artifact_simple2
* 21.4 : [   2] artifact\artifact_sopli
* 21.4 : [   1] artifact\artifact_sopli2
* 21.4 : [   1] fx\fx_thunderbolts_gradient
* 21.4 : [   1] fx\fx_thunderbolts_gradient_surge
* 21.4 : [   1] glow\glow_ghost
* 21.4 : [   1] glow\glow_orange
* 21.4 : [   1] glow\glow_orange_bright
* 21.4 : [   1] glow\glow_white
* 21.4 : [   1] glow\glow_yellow
* 21.4 : [   1] item\item_safe_container_bump
* 21.4 : [   1] item\item_safe_container_bump#
* 21.4 : [   1] item\item_small_tools_bump
* 21.4 : [   1] item\item_small_tools_bump#
* 21.4 : [   4] lights\lights_spot01
* 21.4 : [   1] wm\wm_bullet_glass01
* 21.4 : [   1] wm\wm_bullet_glass02
* 21.4 : [   1] wm\wm_bullet_glass03
* 21.4 : [   1] wm\wm_bullet_glass04
* 21.4 : [   1] wpn\ammo_45acp_bump
* 21.4 : [   1] wpn\ammo_45acp_bump#
* 21.4 : [   1] wpn\ammo_57x28_bump
* 21.4 : [   1] wpn\ammo_57x28_bump#
* 21.4 : [   1] wpn\ammo_5x56_bump
* 21.4 : [   1] wpn\ammo_5x56_bump#
* 21.4 : [   1] wpn\ammo_7-62x54_bump
* 21.4 : [   1] wpn\ammo_7-62x54_bump#
* 21.4 : [   1] wpn\ammo_9x19_bump
* 21.4 : [   1] wpn\ammo_9x19_bump#
* 21.4 : [   1] wpn\ammo_9x39_bump
* 21.4 : [   1] wpn\ammo_9x39_bump#
* 21.4 : [   1] wpn\wpn_grenade1
* 21.4 : [   1] wpn\wpn_saiga12_dtk_bump
* 21.4 : [   1] wpn\wpn_saiga12_dtk_bump#
* 21.4 : [   1] wpn\wpn_saiga12_supressor_bump
* 21.4 : [   1] wpn\wpn_saiga12_supressor_bump#
* 32.1 : [   1] ui\ui_font_din_next_14_1024
* 32.1 : [   1] ui\ui_font_din_next_14_bold_1024
* 32.1 : [   1] ui\ui_font_din_next_16_1024
* 32.1 : [   1] ui\ui_font_din_next_16_bold_1024
* 32.1 : [   1] ui\ui_font_din_next_17_1024
* 32.1 : [   1] ui\ui_font_din_next_17_bold_1024
* 32.1 : [   1] ui\ui_font_letter_16_1024
* 32.1 : [   1] ui\ui_font_letter_18_1024
* 33.0 : [   1] ui\ui_ani_cursor
* 42.6 : [   1] act\act_burer
* 42.6 : [   2] act\act_controller
* 42.6 : [   1] act\act_himera
* 42.6 : [   2] act\act_plot
* 42.6 : [   2] act\act_plot_u
* 42.6 : [   2] act\act_plot_weak
* 42.6 : [   2] act\act_pseudodog1
* 42.6 : [   1] act\act_psevdogigant
* 42.6 : [   1] act\act_scientist
* 42.6 : [   1] act\act_scientist_suit_green
* 42.6 : [   1] act\act_scientist_suit_red
* 42.6 : [   1] act\act_stalker_bandit_2
* 42.6 : [   1] act\act_stalker_bandit_3
* 42.6 : [   1] act\act_stalker_bandit_3a
* 42.6 : [   1] act\act_stalker_dolg_1
* 42.6 : [   1] act\act_stalker_dolg_2
* 42.6 : [   1] act\act_stalker_dolg_3
* 42.6 : [   1] act\act_stalker_dolg_4
* 42.6 : [   1] act\act_stalker_freedom_1
* 42.6 : [   1] act\act_stalker_freedom_2
* 42.6 : [   1] act\act_stalker_freedom_4
* 42.6 : [   1] act\act_stalker_freedom_5
* 42.6 : [   1] act\act_stalker_hero
* 42.6 : [   1] act\act_stalker_merc_2
* 42.6 : [   1] act\act_stalker_merc_4
* 42.6 : [   1] act\act_stalker_monolith_1
* 42.6 : [   1] act\act_stalker_monolith_2
* 42.6 : [   1] act\act_stalker_monolith_3
* 42.6 : [   1] act\act_stalker_monolith_4
* 42.6 : [   1] act\act_stalker_neutral_2
* 42.6 : [   1] act\act_stalker_neutral_3
* 42.6 : [   1] act\act_stalker_neutral_4
* 42.6 : [   1] act\act_stalker_soldier_4
* 42.6 : [   1] prop\prop_wooden_crate_1
* 42.6 : [   2] wood\wood_walls8
* 42.6 : [   1] act\act_face_01_bump
* 42.6 : [   1] act\act_face_01_bump#
* 42.6 : [   1] act\act_face_04_bump
* 42.6 : [   1] act\act_face_04_bump#
* 42.6 : [   1] act\act_face_08_bump
* 42.6 : [   1] act\act_face_08_bump#
* 42.6 : [   1] act\act_face_mask_01_bump
* 42.6 : [   1] act\act_face_mask_01_bump#
* 42.6 : [   1] act\act_face_mask_02_bump
* 42.6 : [   1] act\act_face_mask_02_bump#
* 42.6 : [   1] act\act_face_mask_03_bump
* 42.6 : [   1] act\act_face_mask_03_bump#
* 42.6 : [   1] act\act_face_mask_04_bump
* 42.6 : [   1] act\act_face_mask_04_bump#
* 42.6 : [   1] act\act_face_painted_01_bump
* 42.6 : [   1] act\act_face_painted_01_bump#
* 42.6 : [   1] act\act_face_zombie_01_bump
* 42.6 : [   1] act\act_face_zombie_01_bump#
* 42.6 : [   1] act\act_faces_1_01_bump
* 42.6 : [   1] act\act_faces_1_01_bump#
* 42.6 : [   1] act\act_faces_1_03_bump
* 42.6 : [   1] act\act_faces_1_03_bump#
* 42.6 : [   1] act\act_faces_1_05_bump
* 42.6 : [   1] act\act_faces_1_05_bump#
* 42.6 : [   1] act\act_faces_1_07_bump
* 42.6 : [   1] act\act_faces_1_07_bump#
* 42.6 : [   1] act\act_faces_1_08_bump
* 42.6 : [   1] act\act_faces_1_08_bump#
* 42.6 : [   1] act\act_faces_2_01_bump
* 42.6 : [   1] act\act_faces_2_01_bump#
* 42.6 : [   1] act\act_faces_2_02_bump
* 42.6 : [   1] act\act_faces_2_02_bump#
* 42.6 : [   1] act\act_faces_2_03_bump
* 42.6 : [   1] act\act_faces_2_03_bump#
* 42.6 : [   1] act\act_faces_2_04_bump
* 42.6 : [   1] act\act_faces_2_04_bump#
* 42.6 : [   1] act\act_faces_2_05_bump
* 42.6 : [   1] act\act_faces_2_05_bump#
* 42.6 : [   1] act\act_faces_2_07_bump
* 42.6 : [   1] act\act_faces_2_07_bump#
* 42.6 : [   1] act\act_faces_2_08_bump
* 42.6 : [   1] act\act_faces_2_08_bump#
* 42.6 : [   1] act\act_faces_3_01_bump
* 42.6 : [   1] act\act_faces_3_01_bump#
* 42.6 : [   1] act\act_faces_3_03_bump
* 42.6 : [   1] act\act_faces_3_03_bump#
* 42.6 : [   1] act\act_faces_3_04_bump
* 42.6 : [   1] act\act_faces_3_04_bump#
* 42.6 : [   1] act\act_faces_3_06_bump
* 42.6 : [   1] act\act_faces_3_06_bump#
* 42.6 : [   1] act\act_faces_3_07_bump
* 42.6 : [   1] act\act_faces_3_07_bump#
* 42.6 : [   1] act\act_faces_4_02_bump
* 42.6 : [   1] act\act_faces_4_02_bump#
* 42.6 : [   1] act\act_faces_4_03_bump
* 42.6 : [   1] act\act_faces_4_03_bump#
* 42.6 : [   1] act\act_faces_4_04_bump
* 42.6 : [   1] act\act_faces_4_04_bump#
* 42.6 : [   1] act\act_stalker_soldier_1_bump
* 42.6 : [   1] act\act_stalker_soldier_1_bump#
* 42.6 : [   2] act\act_stalker_soldier_2_bump
* 42.6 : [   2] act\act_stalker_soldier_2_bump#
* 42.6 : [   2] door\door_lift_01_bump
* 42.6 : [   2] door\door_lift_01_bump#
* 42.6 : [   2] mtl\mtl_angar_a_b_bump
* 42.6 : [   2] mtl\mtl_angar_a_b_bump#
* 42.7 : [   2] fx\fx_noise2
* 42.7 : [   1] pfx\pfx_dist_glass3
* 42.7 : [   1] pfx\pfx_smokepuffs2
* 42.7 : [   1] pfx\pfx_sparks
* 42.7 : [   1] act\act_face_soldier_bandan_07
* 42.7 : [   2] item\item_detector_3
* 42.7 : [   1] item\item_detector_4
* 42.7 : [   1] item\item_guitar
* 42.7 : [   1] item\item_medkit
* 42.7 : [   1] item\item_medkit_2
* 42.7 : [   1] item\item_medkit_3
* 42.7 : [   1] item\item_syringe
* 42.7 : [   1] item\item_ustroystva
* 42.7 : [   1] item\item_x_files
* 42.7 : [   1] prop\prop_item2
* 42.7 : [   1] prop\prop_item3
* 42.7 : [   2] prop\prop_iten4
* 42.7 : [   1] prop\prop_pult5
* 42.7 : [   1] wpn\ammo_12x70
* 42.7 : [   1] wpn\ammo_12x70_blue
* 42.7 : [   1] wpn\bolt
* 42.7 : [   1] wpn\deagle_rail
* 42.7 : [   2] wpn\glock17_flash_laser
* 42.7 : [   1] wpn\glock17_magazine
* 42.7 : [   1] wpn\glock18_magazine
* 42.7 : [   1] wpn\silencer_hexagon12
* 42.7 : [   1] wpn\usp_match_supressor
* 42.7 : [   1] wpn\wpn_assault_handler
* 42.7 : [   1] wpn\wpn_mag_saiga12_10rnd
* 42.7 : [   1] wpn\wpn_mag_saiga12_5rnd
* 42.7 : [   1] wpn\wpn_saiga12_bolt
* 42.7 : [   1] wpn\wpn_saiga12_foregrip
* 42.7 : [   1] wpn\wpn_saiga12_stock
* 42.7 : [   1] pfx\pfx_woodchips1
* 42.7 : [   1] pfx\pfx_woodchips3
* 42.7 : [   1] wpn\p90_silencer
* 42.7 : [   1] item\item_poison_gas_bump
* 42.7 : [   1] item\item_poison_gas_bump#
* 42.7 : [   1] pfx\pfx_shells2
* 42.7 : [   1] wpn\deagle_compensator_bump
* 42.7 : [   1] wpn\deagle_compensator_bump#
* 42.7 : [   1] wpn\deagle_compensator_silver_bump
* 42.7 : [   1] wpn\deagle_compensator_silver_bump#
* 42.7 : [   1] wpn\wpn_hkmp5_rail_bump
* 42.7 : [   1] wpn\wpn_hkmp5_rail_bump#
* 42.7 : [   1] wpn\wpn_lastochka_bump
* 42.7 : [   1] wpn\wpn_lastochka_bump#
* 42.7 : [   1] wpn\wpn_saiga12_handler_bump
* 42.7 : [   1] wpn\wpn_saiga12_handler_bump#
* 48.1 : [   4] sky\sky_cube_weapons
* 64.1 : [   1] fx\fx_sun_fog
* 64.1 : [   1] fx\fx_sun_halo
* 64.1 : [   1] ui\ui_font_console_02
* 64.1 : [   1] ui\ui_font_din_next_20_bold_1024
* 64.1 : [   1] ui\ui_font_din_next_23_bold_1024
* 64.1 : [   1] ui\ui_font_din_next_28_bold_1024
* 64.1 : [   1] ui\ui_font_graff_19_1024
* 64.1 : [   1] ui\ui_font_graff_22_1024
* 64.1 : [   1] ui\ui_font_hud_01
* 85.2 : [   3] act\act_arm_1_exo_bump
* 85.2 : [   3] act\act_arm_1_exo_bump#
* 85.2 : [   1] act\act_burer_bump
* 85.2 : [   1] act\act_burer_bump#
* 85.2 : [   2] act\act_controller_bump
* 85.2 : [   2] act\act_controller_bump#
* 85.2 : [   1] act\act_gasmask_bump
* 85.2 : [   1] act\act_gasmask_bump#
* 85.2 : [   2] act\act_gasmask_weak_bump
* 85.2 : [   2] act\act_gasmask_weak_bump#
* 85.2 : [   1] act\act_himera_bump
* 85.2 : [   1] act\act_himera_bump#
* 85.2 : [   3] act\act_krovosos_1
* 85.2 : [   8] act\act_krovosos_1_bump
* 85.2 : [   8] act\act_krovosos_1_bump#
* 85.2 : [   3] act\act_krovosos_2
* 85.2 : [   3] act\act_krovosos_3
* 85.2 : [   2] act\act_mutant_boar
* 85.2 : [   2] act\act_mutant_boar_bump
* 85.2 : [   2] act\act_mutant_boar_bump#
* 85.2 : [   2] act\act_mutant_boar_u
* 85.2 : [   1] act\act_mutant_boar_u_bump
* 85.2 : [   1] act\act_mutant_boar_u_bump#
* 85.2 : [   4] act\act_plot_bump
* 85.2 : [   4] act\act_plot_bump#
* 85.2 : [   2] act\act_plot_u_bump
* 85.2 : [   2] act\act_plot_u_bump#
* 85.2 : [   1] act\act_pseudodog1_bump
* 85.2 : [   1] act\act_pseudodog1_bump#
* 85.2 : [   1] act\act_psevdogigant_bump
* 85.2 : [   1] act\act_psevdogigant_bump#
* 85.2 : [   1] act\act_scientist_bump
* 85.2 : [   1] act\act_scientist_bump#
* 85.2 : [   2] act\act_scientist_suit_bump
* 85.2 : [   2] act\act_scientist_suit_bump#
* 85.2 : [   2] act\act_stalker_bandit_2_bump
* 85.2 : [   2] act\act_stalker_bandit_2_bump#
* 85.2 : [   1] act\act_stalker_bandit_3_bump
* 85.2 : [   1] act\act_stalker_bandit_3_bump#
* 85.2 : [   1] act\act_stalker_bandit_3a_bump
* 85.2 : [   1] act\act_stalker_bandit_3a_bump#
* 85.2 : [   3] act\act_stalker_dolg_1_bump
* 85.2 : [   3] act\act_stalker_dolg_1_bump#
* 85.2 : [   1] act\act_stalker_dolg_2_bump
* 85.2 : [   1] act\act_stalker_dolg_2_bump#
* 85.2 : [   6] act\act_stalker_dolg_4_bump
* 85.2 : [   6] act\act_stalker_dolg_4_bump#
* 85.2 : [   1] act\act_stalker_freedom_1_bump
* 85.2 : [   1] act\act_stalker_freedom_1_bump#
* 85.2 : [   1] act\act_stalker_freedom_2_bump
* 85.2 : [   1] act\act_stalker_freedom_2_bump#
* 85.2 : [   4] act\act_stalker_hero_bump
* 85.2 : [   4] act\act_stalker_hero_bump#
* 85.2 : [   1] act\act_stalker_monolith_1_bump
* 85.2 : [   1] act\act_stalker_monolith_1_bump#
* 85.2 : [   1] act\act_stalker_monolith_2_bump
* 85.2 : [   1] act\act_stalker_monolith_2_bump#
* 85.2 : [   1] act\act_stalker_nebo_1_bump
* 85.2 : [   1] act\act_stalker_nebo_1_bump#
* 85.2 : [   1] act\act_stalker_nebo_2_bump
* 85.2 : [   1] act\act_stalker_nebo_2_bump#
* 85.2 : [   1] act\act_stalker_nebo_3_bump
* 85.2 : [   1] act\act_stalker_nebo_3_bump#
* 85.2 : [   1] act\act_stalker_neutral_2_bump
* 85.2 : [   1] act\act_stalker_neutral_2_bump#
* 85.2 : [   1] prop\prop_wooden_crate_1_bump
* 85.2 : [   1] prop\prop_wooden_crate_1_bump#
* 85.2 : [   2] wood\wood_walls8_bump
* 85.2 : [   2] wood\wood_walls8_bump#
* 85.3 : [   1] pfx\pfx_ani-smoke-01
* 85.3 : [   1] pfx\pfx_anomaly_1
* 85.3 : [   1] pfx\pfx_anomaly_10
* 85.3 : [   1] pfx\pfx_anomaly_16
* 85.3 : [   1] pfx\pfx_anomaly_18
* 85.3 : [   1] pfx\pfx_anomaly_19
* 85.3 : [   1] pfx\pfx_anomaly_3
* 85.3 : [   1] pfx\pfx_anomaly_4
* 85.3 : [   1] pfx\pfx_anomaly_5
* 85.3 : [   1] pfx\pfx_anomaly_6
* 85.3 : [   1] pfx\pfx_anomaly_8
* 85.3 : [   1] pfx\pfx_anomaly_88
* 85.3 : [   1] pfx\pfx_anomaly_9
* 85.3 : [   1] pfx\pfx_bloodsplash2
* 85.3 : [   1] pfx\pfx_blurry_cloud
* 85.3 : [   1] pfx\pfx_brick
* 85.3 : [   1] pfx\pfx_light1
* 85.3 : [   1] pfx\pfx_light3
* 85.3 : [   1] pfx\pfx_light4
* 85.3 : [   1] pfx\pfx_lightning_01
* 85.3 : [   1] pfx\pfx_lightning_02
* 85.3 : [   1] pfx\pfx_ligth_6
* 85.3 : [   1] pfx\pfx_plasma
* 85.3 : [   1] pfx\pfx_skinsplash1
* 85.3 : [   1] pfx\pfx_smoke_a
* 85.3 : [   1] pfx\pfx_smoke_b
* 85.3 : [   1] pfx\pfx_teleport
* 85.3 : [   1] pfx\pfx_test_textures
* 85.3 : [   1] wpn\glock17_slide
* 85.3 : [   1] wpn\glock18_slide
* 85.3 : [   1] wpn\wpn_mag_5x56_60rnd
* 85.3 : [   1] wpn\wpn_saiga12_cover
* 85.3 : [   1] act\act_face_soldier_bandan_07_bump
* 85.3 : [   1] act\act_face_soldier_bandan_07_bump#
* 85.3 : [   1] detail\detail_fabric_det2
* 85.3 : [   6] detail\detail_metall_det1
* 85.3 : [   3] detail\detail_metall_det2
* 85.3 : [   5] detail\detail_metall_det3
* 85.3 : [  13] detail\detail_skin_1
* 85.3 : [   1] detail\detail_stucco_det1
* 85.3 : [   2] detail\detail_wood_det2
* 85.3 : [   1] item\item_anabiotic_bump
* 85.3 : [   1] item\item_anabiotic_bump#
* 85.3 : [   2] item\item_antirad
* 85.3 : [   1] item\item_antirad_bump
* 85.3 : [   1] item\item_antirad_bump#
* 85.3 : [   2] item\item_detector_3_bump
* 85.3 : [   2] item\item_detector_3_bump#
* 85.3 : [   3] item\item_medkit_bump
* 85.3 : [   3] item\item_medkit_bump#
* 85.3 : [   1] item\item_syringe_bump
* 85.3 : [   1] item\item_syringe_bump#
* 85.3 : [   1] map\map_labx8
* 85.3 : [   2] prop\prop_instrument_1
* 85.3 : [   3] wpn\ammo_12x70_bump
* 85.3 : [   3] wpn\ammo_12x70_bump#
* 85.3 : [   1] wpn\ammo_12x70_green
* 85.3 : [   1] wpn\bolt_bump
* 85.3 : [   1] wpn\bolt_bump#
* 85.3 : [   1] wpn\deagle_rail_bump
* 85.3 : [   1] wpn\deagle_rail_bump#
* 85.3 : [   1] wpn\glock17_flash_laser_bump
* 85.3 : [   1] wpn\glock17_flash_laser_bump#
* 85.3 : [   1] wpn\glock17_magazine_bump
* 85.3 : [   1] wpn\glock17_magazine_bump#
* 85.3 : [   1] wpn\glock18_magazine_bump
* 85.3 : [   1] wpn\glock18_magazine_bump#
* 85.3 : [   1] wpn\insight_x2_bump
* 85.3 : [   1] wpn\insight_x2_bump#
* 85.3 : [   1] wpn\silencer_45_bump
* 85.3 : [   1] wpn\silencer_45_bump#
* 85.3 : [   1] wpn\silencer_918_bump
* 85.3 : [   1] wpn\silencer_918_bump#
* 85.3 : [   1] wpn\silencer_918smg_bump
* 85.3 : [   1] wpn\silencer_918smg_bump#
* 85.3 : [   1] wpn\silencer_hexagon12_bump
* 85.3 : [   1] wpn\silencer_hexagon12_bump#
* 85.3 : [   1] wpn\silencer_pbs4_bump
* 85.3 : [   1] wpn\silencer_pbs4_bump#
* 85.3 : [   1] wpn\silencer_sfn57_bump
* 85.3 : [   1] wpn\silencer_sfn57_bump#
* 85.3 : [   1] wpn\silencer_svd_bump
* 85.3 : [   1] wpn\silencer_svd_bump#
* 85.3 : [   1] wpn\usp_match_supressor_bump
* 85.3 : [   1] wpn\usp_match_supressor_bump#
* 85.3 : [   1] wpn\wpn_aksu_foregrip_bump
* 85.3 : [   1] wpn\wpn_aksu_foregrip_bump#
* 85.3 : [   1] wpn\wpn_assault_handler_bump
* 85.3 : [   1] wpn\wpn_assault_handler_bump#
* 85.3 : [   1] wpn\wpn_gauss_mag_bump
* 85.3 : [   1] wpn\wpn_gauss_mag_bump#
* 85.3 : [   1] wpn\wpn_mag_saiga12_10rnd_bump
* 85.3 : [   1] wpn\wpn_mag_saiga12_10rnd_bump#
* 85.3 : [   1] wpn\wpn_mag_saiga12_5rnd_bump
* 85.3 : [   1] wpn\wpn_mag_saiga12_5rnd_bump#
* 85.3 : [   1] wpn\wpn_pm
* 85.3 : [   1] wpn\wpn_saiga12_bolt_bump
* 85.3 : [   1] wpn\wpn_saiga12_bolt_bump#
* 85.3 : [   1] wpn\wpn_saiga12_foregrip_bump
* 85.3 : [   1] wpn\wpn_saiga12_foregrip_bump#
* 85.3 : [   1] wpn\wpn_saiga12_stock_bump
* 85.3 : [   1] wpn\wpn_saiga12_stock_bump#
* 85.3 : [   2] detail\detail_metall_det2_v2
* 85.3 : [   1] wpn\p90_silencer_bump
* 85.3 : [   1] wpn\p90_silencer_bump#
* 106.9 : [   1] artifact\artifact_lavahell1
* 128.1 : [   1] ui\ui_font_din_next_36_bold_1024
* 128.1 : [   1] ui\ui_font_din_next_40_bold_1024
* 128.1 : [   1] ui\ui_font_graff_32_1024
* 128.1 : [   1] ui\ui_font_letter_25_1024
* 170.4 : [   1] act\act_gasmask
* 170.4 : [   1] act\act_stalker_bandit_1
* 170.4 : [   1] act\act_stalker_nebo_1
* 170.4 : [   1] act\act_stalker_nebo_2
* 170.4 : [   1] act\act_stalker_nebo_3
* 170.4 : [   1] act\act_stalker_neutral_1
* 170.4 : [   1] act\act_stalker_neutral_1a
* 170.4 : [   5] act\act_arm_1_bump
* 170.4 : [   5] act\act_arm_1_bump#
* 170.6 : [   1] pfx\pfx_anomaly_2
* 170.6 : [   1] pfx\pfx_anomaly_23
* 170.6 : [   1] pfx\pfx_anomaly_2_green
* 170.6 : [   1] pfx\pfx_anomaly_7
* 170.6 : [   1] pfx\pfx_concretepuffs_01
* 170.6 : [   1] pfx\pfx_lighting_stancia_01
* 170.6 : [   1] pfx\pfx_lighting_stancia_02
* 170.6 : [   1] pfx\pfx_shells1
* 170.6 : [   1] pfx\pfx_smokepuffs1
* 170.6 : [   1] act\cod_bo2_stalker_gloves
* 170.6 : [   1] act\cod_bo2_stalker_sleeves
* 170.6 : [   1] item\item_anabiotic
* 170.6 : [   1] item\item_bandage
* 170.6 : [   1] item\item_drug_blue
* 170.6 : [   1] item\item_drug_red
* 170.6 : [   1] item\item_drug_white
* 170.6 : [   1] item\item_drug_yellow
* 170.6 : [   1] item\item_energy
* 170.6 : [   1] item\item_energy_nonstop
* 170.6 : [   1] item\item_hercules
* 170.6 : [   1] item\item_pda_screen
* 170.6 : [   1] item\item_pda_screen_world
* 170.6 : [   1] ui\ui_global_map
* 170.6 : [   1] wpn\f1
* 170.6 : [   1] wpn\flashbang_body
* 170.6 : [   1] wpn\flashbang_fuse
* 170.6 : [   1] wpn\glock17_frame
* 170.6 : [   2] wpn\insight_x2
* 170.6 : [   2] wpn\mini_klesh
* 170.6 : [   2] wpn\p90_flashlight
* 170.6 : [   1] wpn\rdgm
* 170.6 : [   1] wpn\rgd5
* 170.6 : [   1] wpn\rgn
* 170.6 : [   1] wpn\rgo
* 170.6 : [   1] wpn\silencer_45
* 170.6 : [   1] wpn\silencer_556
* 170.6 : [   1] wpn\silencer_918
* 170.6 : [   1] wpn\silencer_918smg
* 170.6 : [   1] wpn\silencer_pbs4
* 170.6 : [   1] wpn\silencer_sfn57
* 170.6 : [   1] wpn\silencer_svd
* 170.6 : [   1] wpn\silencer_tgpa
* 170.6 : [   1] wpn\sr1m_silencer
* 170.6 : [   1] wpn\usp_match
* 170.6 : [   1] wpn\wpn_aksu_foregrip
* 170.6 : [   1] wpn\wpn_ammo
* 170.6 : [   1] wpn\wpn_anpeq16a
* 170.6 : [   1] wpn\wpn_flashassault
* 170.6 : [   1] wpn\wpn_gauss_mag
* 170.6 : [   1] wpn\wpn_gp25
* 170.6 : [   1] wpn\wpn_hkmp5_handguard_rail
* 170.6 : [   1] wpn\wpn_hkmp5_stock
* 170.6 : [   1] wpn\wpn_knife_ak74
* 170.6 : [   1] wpn\wpn_knife_kcb
* 170.6 : [   1] wpn\wpn_knife_l3a1
* 170.6 : [   1] wpn\wpn_knife_nsak
* 170.6 : [   1] wpn\wpn_knife_ots04
* 170.6 : [   1] wpn\wpn_l85a2_ironsight
* 170.6 : [   1] wpn\wpn_l85a2_picatiny
* 170.6 : [   1] wpn\wpn_l85a2_tac_handler
* 170.6 : [   1] wpn\wpn_laserassault
* 170.6 : [   1] wpn\wpn_m203_ironsight
* 170.6 : [   1] wpn\wpn_m433hedp
* 170.6 : [   1] wpn\wpn_mag_5x45_30rnd_backelite
* 170.6 : [   1] wpn\wpn_mag_5x45_30rnd_black
* 170.6 : [   1] wpn\wpn_mag_5x45_45rnd_backelite
* 170.6 : [   1] wpn\wpn_mag_5x45_45rnd_black
* 170.6 : [   1] wpn\wpn_mag_5x45_60rnd
* 170.6 : [   1] wpn\wpn_mag_5x56_40rnd
* 170.6 : [   1] wpn\wpn_mag_mp5sd
* 170.6 : [   1] wpn\wpn_ots14_scope
* 170.6 : [   1] wpn\wpn_protecta
* 170.6 : [   1] wpn\wpn_rpg-7_grenade
* 170.6 : [   1] wpn\wpn_saiga12
* 170.6 : [   1] wpn\wpn_scope_elcan
* 170.6 : [   1] wpn\wpn_scope_eotech
* 170.6 : [   1] wpn\wpn_sg550_foregrip_rail
* 170.6 : [   1] wpn\wpn_stechkin_silencer
* 170.6 : [   1] wpn\wpn_svu_upgrade
* 170.6 : [   1] wpn\wpn_tactical_handler
* 170.6 : [   1] wpn\wpn_vog
* 170.6 : [   2] wpn\x5l_viridian
* 170.6 : [   1] act\act_puh
* 170.6 : [   1] detail\detail_metall_det2_u
* 170.6 : [   7] detail\detail_metall_det2_v
* 170.6 : [   3] detail\detail_wood_det2_v
* 170.6 : [   1] wpn\glock17_slide_bump
* 170.6 : [   1] wpn\glock17_slide_bump#
* 170.6 : [   1] wpn\glock18_slide_bump
* 170.6 : [   1] wpn\glock18_slide_bump#
* 170.6 : [   1] wpn\p90_base_bump#
* 170.6 : [   1] wpn\p90_mag_bump#
* 170.6 : [   1] wpn\wpn_mag_5x56_60rnd_bump
* 170.6 : [   1] wpn\wpn_mag_5x56_60rnd_bump#
* 170.6 : [   1] wpn\wpn_saiga12_cover_bump
* 170.6 : [   1] wpn\wpn_saiga12_cover_bump#
* 213.5 : [   1] artifact\artifact_hell1
* 256.1 : [   1] ui\ui_font_graff_50_1024
* 256.1 : [   1] ui\ui_font_hud_02
* 256.1 : [   1] ui\ui_hud_hit_mark
* 256.1 : [   1] ui\ui_squad_caps
* 256.1 : [   1] wpn\sights
* 340.8 : [   1] act\act_gasmask_u
* 340.8 : [   1] act\act_gasmask_weak
* 340.8 : [   2] act\act_mutant_boar_weak
* 340.8 : [   1] wpn\wpn_binokl_bump
* 340.8 : [   1] wpn\wpn_binokl_bump#
* 341.1 : [   1] act\act_arm_10
* 341.1 : [   1] act\act_arm_11
* 341.1 : [   1] act\act_arm_13
* 341.1 : [   1] act\act_arm_15
* 341.1 : [   1] act\act_arm_2
* 341.1 : [   1] act\act_arm_3
* 341.1 : [   1] act\act_arm_5
* 341.1 : [   1] act\act_arm_7
* 341.1 : [   1] act\act_arm_8
* 341.1 : [   1] act\act_arm_9
* 341.1 : [   1] act\cod_bo2_sviter_hands
* 341.1 : [   1] wpn\browning1935
* 341.1 : [   1] wpn\wpn_scope_cobra
* 341.1 : [   3] act\act_krovosos_4
* 341.1 : [   1] act\cod_bo2_stalker_gloves_bump
* 341.1 : [   1] act\cod_bo2_stalker_gloves_bump#
* 341.1 : [   1] act\cod_bo2_stalker_sleeves_bump
* 341.1 : [   1] act\cod_bo2_stalker_sleeves_bump#
* 341.1 : [   1] act\cod_ghosts_exo_computer_glass
* 341.1 : [   1] act\cod_ghosts_exo_computer_glass_bump
* 341.1 : [   1] act\cod_ghosts_exo_computer_glass_bump#
* 341.1 : [   1] act\metro_sviter_bump
* 341.1 : [   1] act\metro_sviter_bump#
* 341.1 : [   1] item\item_bandage_bump
* 341.1 : [   1] item\item_bandage_bump#
* 341.1 : [   1] item\item_detector_1_bump
* 341.1 : [   1] item\item_detector_1_bump#
* 341.1 : [   1] item\item_detector_2_bump
* 341.1 : [   1] item\item_detector_2_bump#
* 341.1 : [   4] item\item_drug_yellow_bump
* 341.1 : [   4] item\item_drug_yellow_bump#
* 341.1 : [   2] item\item_energy_bump
* 341.1 : [   2] item\item_energy_bump#
* 341.1 : [   1] item\item_hercules_bump
* 341.1 : [   1] item\item_hercules_bump#
* 341.1 : [   2] item\item_injector
* 341.1 : [   1] item\item_injector_bump
* 341.1 : [   1] item\item_injector_bump#
* 341.1 : [   1] item\item_pda_screen_bump
* 341.1 : [   1] item\item_pda_screen_bump#
* 341.1 : [   1] item\item_vodka
* 341.1 : [   2] item\item_vodka_bump
* 341.1 : [   2] item\item_vodka_bump#
* 341.1 : [   1] item\item_vodka_russian
* 341.1 : [   1] map\map_jupiter_underground
* 341.1 : [ 314] sky\sky_oblaka
* 341.1 : [   1] wpn\f1_bump
* 341.1 : [   1] wpn\f1_bump#
* 341.1 : [   1] wpn\flashbang_body_bump
* 341.1 : [   1] wpn\flashbang_body_bump#
* 341.1 : [   1] wpn\flashbang_fuse_bump
* 341.1 : [   1] wpn\flashbang_fuse_bump#
* 341.1 : [   1] wpn\glock17_frame_bump
* 341.1 : [   1] wpn\glock17_frame_bump#
* 341.1 : [   1] wpn\lenses_bump
* 341.1 : [   1] wpn\lenses_bump#
* 341.1 : [   1] wpn\mini_klesh_bump
* 341.1 : [   1] wpn\mini_klesh_bump#
* 341.1 : [   1] wpn\p90_flashlight_bump
* 341.1 : [   1] wpn\p90_flashlight_bump#
* 341.1 : [   1] wpn\p90_scope_bump#
* 341.1 : [   1] wpn\rdgm_bump
* 341.1 : [   1] wpn\rdgm_bump#
* 341.1 : [   1] wpn\rgd5_bump
* 341.1 : [   1] wpn\rgd5_bump#
* 341.1 : [   1] wpn\rgn_bump
* 341.1 : [   1] wpn\rgn_bump#
* 341.1 : [   1] wpn\rgo_bump
* 341.1 : [   1] wpn\rgo_bump#
* 341.1 : [   1] wpn\silencer_556_bump
* 341.1 : [   1] wpn\silencer_556_bump#
* 341.1 : [   1] wpn\silencer_tgpa_bump
* 341.1 : [   1] wpn\silencer_tgpa_bump#
* 341.1 : [   1] wpn\sr1m_silencer_bump
* 341.1 : [   1] wpn\sr1m_silencer_bump#
* 341.1 : [   1] wpn\usp_match_bump
* 341.1 : [   1] wpn\usp_match_bump#
* 341.1 : [   1] wpn\walther_p99_bump
* 341.1 : [   1] wpn\walther_p99_bump#
* 341.1 : [   1] wpn\wpn_anpeq16a_bump
* 341.1 : [   1] wpn\wpn_anpeq16a_bump#
* 341.1 : [   1] wpn\wpn_flashassault_bump
* 341.1 : [   1] wpn\wpn_flashassault_bump#
* 341.1 : [   1] wpn\wpn_gp25_bump
* 341.1 : [   1] wpn\wpn_gp25_bump#
* 341.1 : [   1] wpn\wpn_hkmp5_handguard_rail_bump
* 341.1 : [   1] wpn\wpn_hkmp5_handguard_rail_bump#
* 341.1 : [   1] wpn\wpn_hkmp5_stock_bump
* 341.1 : [   1] wpn\wpn_hkmp5_stock_bump#
* 341.1 : [   1] wpn\wpn_knife_ak74_bump
* 341.1 : [   1] wpn\wpn_knife_ak74_bump#
* 341.1 : [   1] wpn\wpn_knife_kcb_bump
* 341.1 : [   1] wpn\wpn_knife_kcb_bump#
* 341.1 : [   1] wpn\wpn_knife_l3a1_bump
* 341.1 : [   1] wpn\wpn_knife_l3a1_bump#
* 341.1 : [   1] wpn\wpn_knife_nsak_bump
* 341.1 : [   1] wpn\wpn_knife_nsak_bump#
* 341.1 : [   1] wpn\wpn_knife_ots04_bump
* 341.1 : [   1] wpn\wpn_knife_ots04_bump#
* 341.1 : [   1] wpn\wpn_l85a2_ironsight_bump
* 341.1 : [   1] wpn\wpn_l85a2_ironsight_bump#
* 341.1 : [   1] wpn\wpn_l85a2_picatiny_bump
* 341.1 : [   1] wpn\wpn_l85a2_picatiny_bump#
* 341.1 : [   1] wpn\wpn_l85a2_tac_handler_bump
* 341.1 : [   1] wpn\wpn_l85a2_tac_handler_bump#
* 341.1 : [   1] wpn\wpn_laserassault_bump
* 341.1 : [   1] wpn\wpn_laserassault_bump#
* 341.1 : [   1] wpn\wpn_m203_ironsight_bump
* 341.1 : [   1] wpn\wpn_m203_ironsight_bump#
* 341.1 : [   1] wpn\wpn_m433hedp_bump
* 341.1 : [   1] wpn\wpn_m433hedp_bump#
* 341.1 : [   1] wpn\wpn_mag_5x45_30rnd_backelite_bump
* 341.1 : [   1] wpn\wpn_mag_5x45_30rnd_backelite_bump#
* 341.1 : [   1] wpn\wpn_mag_5x45_30rnd_black_bump
* 341.1 : [   1] wpn\wpn_mag_5x45_30rnd_black_bump#
* 341.1 : [   1] wpn\wpn_mag_5x45_45rnd_backelite_bump
* 341.1 : [   1] wpn\wpn_mag_5x45_45rnd_backelite_bump#
* 341.1 : [   1] wpn\wpn_mag_5x45_45rnd_black_bump
* 341.1 : [   1] wpn\wpn_mag_5x45_45rnd_black_bump#
* 341.1 : [   1] wpn\wpn_mag_5x45_60rnd_bump
* 341.1 : [   1] wpn\wpn_mag_5x45_60rnd_bump#
* 341.1 : [   1] wpn\wpn_mag_5x56_40rnd_bump
* 341.1 : [   1] wpn\wpn_mag_5x56_40rnd_bump#
* 341.1 : [   1] wpn\wpn_mag_mp5sd_bump
* 341.1 : [   1] wpn\wpn_mag_mp5sd_bump#
* 341.1 : [   1] wpn\wpn_ots14_scope_bump
* 341.1 : [   1] wpn\wpn_ots14_scope_bump#
* 341.1 : [   1] wpn\wpn_rpg-7_grenade_bump
* 341.1 : [   1] wpn\wpn_rpg-7_grenade_bump#
* 341.1 : [   1] wpn\wpn_saiga12_bump
* 341.1 : [   1] wpn\wpn_saiga12_bump#
* 341.1 : [   1] wpn\wpn_scope_eotech_bump
* 341.1 : [   1] wpn\wpn_scope_eotech_bump#
* 341.1 : [   1] wpn\wpn_sg550_foregrip_rail_bump
* 341.1 : [   1] wpn\wpn_sg550_foregrip_rail_bump#
* 341.1 : [   1] wpn\wpn_stechkin_silencer_bump
* 341.1 : [   1] wpn\wpn_stechkin_silencer_bump#
* 341.1 : [   1] wpn\wpn_svu_upgrade_bump
* 341.1 : [   1] wpn\wpn_svu_upgrade_bump#
* 341.1 : [   1] wpn\wpn_tactical_handler_bump
* 341.1 : [   1] wpn\wpn_tactical_handler_bump#
* 341.1 : [   2] wpn\wpn_upgrade
* 341.1 : [   1] wpn\wpn_vog_bump
* 341.1 : [   1] wpn\wpn_vog_bump#
* 341.1 : [   1] wpn\x5l_viridian_bump
* 341.1 : [   1] wpn\x5l_viridian_bump#
* 512.1 : [   1] ui\ui_font_din_next_76_bold_1024
* 682.2 : [   1] pfx\pfx_explotions_3
* 682.2 : [   1] act\act_arm_14
* 682.2 : [   1] act\act_arm_17
* 682.2 : [   1] act\act_arm_1_exo
* 682.2 : [   1] act\act_arm_2_exo
* 682.2 : [   1] act\act_arm_3_exo
* 682.2 : [   1] act\act_arm_6
* 682.2 : [   1] act\metro_sviter
* 682.2 : [   2] item\item_detector_2
* 682.2 : [   1] item\item_guitarfp_diff
* 682.2 : [   1] wpn\beretta92fs
* 682.2 : [   1] wpn\colt1911a1_freefall
* 682.2 : [   1] wpn\deagle
* 682.2 : [   1] wpn\deagle_silver
* 682.2 : [   1] wpn\fiveseven
* 682.2 : [   1] wpn\fort12
* 682.2 : [   1] wpn\fort17
* 682.2 : [   1] wpn\grach
* 682.2 : [   1] wpn\gsh18
* 682.2 : [   1] wpn\p90_scope
* 682.2 : [   1] wpn\pb
* 682.2 : [   1] wpn\pm
* 682.2 : [   1] wpn\pmm
* 682.2 : [   1] wpn\scope_pu
* 682.2 : [   1] wpn\scope_rakurs
* 682.2 : [   2] wpn\silencer_919
* 682.2 : [   1] wpn\sr1m
* 682.2 : [   1] wpn\tt33
* 682.2 : [   1] wpn\usp
* 682.2 : [   1] wpn\walther_p99
* 682.2 : [   1] wpn\wpn_ak74m
* 682.2 : [   1] wpn\wpn_aks74u
* 682.2 : [   1] wpn\wpn_an94
* 682.2 : [   1] wpn\wpn_binokl
* 682.2 : [   1] wpn\wpn_bizon
* 682.2 : [   1] wpn\wpn_hkmp5
* 682.2 : [   1] wpn\wpn_hkump45
* 682.2 : [   1] wpn\wpn_l123a2
* 682.2 : [   1] wpn\wpn_l85a2
* 682.2 : [   1] wpn\wpn_m203
* 682.2 : [   1] wpn\wpn_ots14
* 682.2 : [   1] wpn\wpn_ots14_addons
* 682.2 : [   1] wpn\wpn_p220
* 682.2 : [   1] wpn\wpn_p220r
* 682.2 : [   1] wpn\wpn_scope_1pn93x1
* 682.2 : [   1] wpn\wpn_scope_1pn93x4
* 682.2 : [   1] wpn\wpn_scope_aimpoint
* 682.2 : [   1] wpn\wpn_scope_kashtan
* 682.2 : [   1] wpn\wpn_scope_pgo7v
* 682.2 : [   1] wpn\wpn_scope_pka
* 682.2 : [   1] wpn\wpn_scope_pn23
* 682.2 : [   1] wpn\wpn_scope_pso1as
* 682.2 : [   1] wpn\wpn_scope_pso1sn
* 682.2 : [   1] wpn\wpn_scope_susat
* 682.2 : [   1] wpn\wpn_sg550
* 682.2 : [   1] wpn\wpn_sg552
* 682.2 : [   1] wpn\wpn_stec_apb
* 682.2 : [   1] wpn\wpn_stechkin
* 682.2 : [   1] wpn\wpn_svd
* 682.2 : [   1] wpn\wpn_toz34
* 682.2 : [   1] wpn\wpn_toz66
* 682.2 : [   1] wpn\wpn_val
* 682.2 : [   1] wpn\wpn_vintorez
* 682.2 : [   1] wpn\wpn_winchester
* 682.2 : [   1] wpn\wpn_winchester_upgrades
* 682.2 : [   1] act\act_arm_15_bump
* 682.2 : [   1] act\act_arm_15_bump#
* 682.2 : [   1] act\act_arm_3_bump
* 682.2 : [   1] act\act_arm_3_bump#
* 682.2 : [   3] act\act_arm_7_bump
* 682.2 : [   3] act\act_arm_7_bump#
* 682.2 : [   1] act\cod_bo2_sviter_hands_bump
* 682.2 : [   1] act\cod_bo2_sviter_hands_bump#
* 682.2 : [   1] wpn\browning1935_bump
* 682.2 : [   1] wpn\browning1935_bump#
* 682.2 : [   1] wpn\p90_base
* 682.2 : [   1] wpn\p90_base_bump
* 682.2 : [   1] wpn\p90_mag
* 682.2 : [   1] wpn\wpn_scope_cobra_bump
* 682.2 : [   1] wpn\wpn_scope_cobra_bump#
* 705.4 : [   1] ui\ui_noise
* 768.1 : [   1] sky\af3_foggy\06-00
* 768.1 : [   1] sky\af3_foggy\07-00
* 768.1 : [   3] sky\af3_foggy\09-00
* 768.1 : [   7] sky\af3_foggy\10-00
* 768.1 : [   2] sky\af3_foggy\11-00
* 768.1 : [   2] sky\af3_foggy\12-00
* 768.1 : [   8] sky\af3_foggy\13-00
* 768.1 : [   2] sky\af3_foggy\14-00
* 768.1 : [   3] sky\af3_foggy\15-00
* 768.1 : [   2] sky\af3_foggy\16-00
* 768.1 : [   2] sky\af3_foggy\17-00
* 768.1 : [   6] sky\af3_foggy\18-00
* 768.1 : [   2] sky\af3_foggy\19-00
* 768.1 : [   2] sky\af3_foggy\20-00
* 768.1 : [   5] sky\sky_12_vibros_cube
* 768.1 : [  26] sky\sky_13_cube
* 768.1 : [  18] sky\sky_13_cube_night
* 768.1 : [  12] sky\sky_13_vibros_cube
* 768.1 : [  11] sky\sky_14_cube
* 768.1 : [   4] sky\sky_17_clouds_cube
* 768.1 : [   5] sky\sky_17_cube
* 768.1 : [  10] sky\sky_18_cube
* 768.1 : [  14] sky\sky_19_cube
* 768.1 : [   5] sky\sky_1_clouds_cube
* 768.1 : [   4] sky\sky_20_clouds_cube
* 768.1 : [   5] sky\sky_20_cube
* 768.1 : [   4] sky\sky_2_clouds_cube
* 768.1 : [   5] sky\sky_2_cube
* 768.1 : [  15] sky\sky_3_cube
* 768.1 : [   4] sky\sky_4_cube
* 768.1 : [  34] sky\sky_5_cube
* 768.1 : [  10] sky\sky_6_cube
* 768.1 : [  14] sky\sky_7_cube
* 768.1 : [  10] sky\sky_8_cube
* 768.1 : [  56] sky\sky_9_cube
* 1024.1 : [   1] crosshair\crosshair_1pn93x1
* 1024.1 : [   1] crosshair\crosshair_1pn93x4
* 1024.1 : [   1] crosshair\crosshair_contur
* 1024.1 : [   1] crosshair\crosshair_kashtan
* 1024.1 : [   1] crosshair\crosshair_pn23
* 1024.1 : [   1] crosshair\crosshair_pu
* 1024.1 : [   1] crosshair\crosshair_rakurs
* 1024.1 : [   1] crosshair\crosshair_susat
* 1024.1 : [   1] ui\ui_actor_achivments
* 1024.1 : [   1] ui\ui_actor_dialog_screen
* 1024.1 : [   1] ui\ui_actor_hint_wnd
* 1024.1 : [   1] ui\ui_actor_menu
* 1024.1 : [   1] ui\ui_actor_monsters_pda_1
* 1024.1 : [   1] ui\ui_actor_mp_screen
* 1024.1 : [   1] ui\ui_actor_multiplayer_game_menu
* 1024.1 : [   1] ui\ui_actor_newsmanager_icons
* 1024.1 : [   1] ui\ui_actor_pda
* 1024.1 : [   1] ui\ui_actor_portrets
* 1024.1 : [   1] ui\ui_actor_portrets_unique
* 1024.1 : [   1] ui\ui_actor_sleep_screen
* 1024.1 : [   1] ui\ui_hud_grenade_mark
* 1024.1 : [   1] ui\ui_main_menu_logos
* 1024.1 : [   2] wpn\lenses
* 1024.1 : [   1] wpn\wpn_ammo_custom
* 1364.3 : [   1] pfx\pfx_ani-explosion-02
* 1364.3 : [   1] pfx\pfx_ani-explosion-02-b-a
* 1364.3 : [   1] pfx\pfx_ani-explosion-02a
* 1364.3 : [   1] pfx\pfx_ani-fire01
* 1364.3 : [   1] pfx\pfx_explotions_2
* 1364.3 : [   1] pfx\pfx_explotions_4
* 1364.3 : [   1] pfx\pfx_explotions_smoke
* 1364.3 : [   1] wpn\wpn_gauss_rifle
* 1364.3 : [   1] wpn\wpn_rpg_7
* 1364.3 : [   1] wpn\wpn_svu
* 1364.3 : [   3] act\act_arm_6_bump
* 1364.3 : [   3] act\act_arm_6_bump#
* 1364.3 : [   2] item\item_detector_1
* 1364.3 : [   1] item\item_guitarfp_bump
* 1364.3 : [   1] item\item_guitarfp_bump#
* 1364.3 : [   1] item\item_pda
* 1364.3 : [   1] map\map_jupiter
* 1364.3 : [   1] map\map_pripyat
* 1364.3 : [   1] map\map_zaton
* 1364.3 : [   1] wpn\beretta92fs_bump
* 1364.3 : [   1] wpn\beretta92fs_bump#
* 1364.3 : [   1] wpn\colt1911a1_freefall_bump
* 1364.3 : [   1] wpn\colt1911a1_freefall_bump#
* 1364.3 : [   1] wpn\deagle_bump
* 1364.3 : [   1] wpn\deagle_bump#
* 1364.3 : [   1] wpn\deagle_silver_bump
* 1364.3 : [   1] wpn\deagle_silver_bump#
* 1364.3 : [   1] wpn\fiveseven_bump
* 1364.3 : [   1] wpn\fiveseven_bump#
* 1364.3 : [   1] wpn\fort12_bump
* 1364.3 : [   1] wpn\fort12_bump#
* 1364.3 : [   1] wpn\fort17_bump
* 1364.3 : [   1] wpn\fort17_bump#
* 1364.3 : [   1] wpn\grach_bump
* 1364.3 : [   1] wpn\grach_bump#
* 1364.3 : [   1] wpn\gsh18_bump
* 1364.3 : [   1] wpn\gsh18_bump#
* 1364.3 : [   1] wpn\p90_scope_bump
* 1364.3 : [   1] wpn\pb_bump
* 1364.3 : [   1] wpn\pb_bump#
* 1364.3 : [   1] wpn\pkm
* 1364.3 : [   1] wpn\pm_bump
* 1364.3 : [   1] wpn\pm_bump#
* 1364.3 : [   1] wpn\pmm_bump
* 1364.3 : [   1] wpn\pmm_bump#
* 1364.3 : [   1] wpn\scope_pu_bump
* 1364.3 : [   1] wpn\scope_pu_bump#
* 1364.3 : [   1] wpn\scope_rakurs_bump
* 1364.3 : [   1] wpn\scope_rakurs_bump#
* 1364.3 : [   1] wpn\silencer_919_bump
* 1364.3 : [   1] wpn\silencer_919_bump#
* 1364.3 : [   1] wpn\sr1m_bump
* 1364.3 : [   1] wpn\sr1m_bump#
* 1364.3 : [   1] wpn\tt33_bump
* 1364.3 : [   1] wpn\tt33_bump#
* 1364.3 : [   1] wpn\usp_bump
* 1364.3 : [   1] wpn\usp_bump#
* 1364.3 : [   1] wpn\wpn_ak101
* 1364.3 : [   2] wpn\wpn_ak74m_bump
* 1364.3 : [   2] wpn\wpn_ak74m_bump#
* 1364.3 : [   1] wpn\wpn_aks74u_bump
* 1364.3 : [   1] wpn\wpn_aks74u_bump#
* 1364.3 : [   1] wpn\wpn_an94_bump
* 1364.3 : [   1] wpn\wpn_an94_bump#
* 1364.3 : [   1] wpn\wpn_bizon_bump
* 1364.3 : [   1] wpn\wpn_bizon_bump#
* 1364.3 : [   1] wpn\wpn_gauss_comp
* 1364.3 : [   1] wpn\wpn_gauss_comp_bump
* 1364.3 : [   1] wpn\wpn_gauss_comp_bump#
* 1364.3 : [   1] wpn\wpn_hkmp5_bump
* 1364.3 : [   1] wpn\wpn_hkmp5_bump#
* 1364.3 : [   1] wpn\wpn_hkump45_bump
* 1364.3 : [   1] wpn\wpn_hkump45_bump#
* 1364.3 : [   1] wpn\wpn_l123a2_bump
* 1364.3 : [   1] wpn\wpn_l123a2_bump#
* 1364.3 : [   1] wpn\wpn_l85a2_bump
* 1364.3 : [   1] wpn\wpn_l85a2_bump#
* 1364.3 : [   1] wpn\wpn_m203_bump
* 1364.3 : [   1] wpn\wpn_m203_bump#
* 1364.3 : [   1] wpn\wpn_ots14_addons_bump
* 1364.3 : [   1] wpn\wpn_ots14_addons_bump#
* 1364.3 : [   1] wpn\wpn_ots14_bump
* 1364.3 : [   1] wpn\wpn_ots14_bump#
* 1364.3 : [   1] wpn\wpn_p220_bump
* 1364.3 : [   1] wpn\wpn_p220_bump#
* 1364.3 : [   1] wpn\wpn_p220r_bump
* 1364.3 : [   1] wpn\wpn_p220r_bump#
* 1364.3 : [   1] wpn\wpn_scope_1pn93x1_bump
* 1364.3 : [   1] wpn\wpn_scope_1pn93x1_bump#
* 1364.3 : [   1] wpn\wpn_scope_1pn93x4_bump
* 1364.3 : [   1] wpn\wpn_scope_1pn93x4_bump#
* 1364.3 : [   1] wpn\wpn_scope_aimpoint_bump
* 1364.3 : [   1] wpn\wpn_scope_aimpoint_bump#
* 1364.3 : [   1] wpn\wpn_scope_elcan_bump
* 1364.3 : [   1] wpn\wpn_scope_elcan_bump#
* 1364.3 : [   1] wpn\wpn_scope_kashtan_bump
* 1364.3 : [   1] wpn\wpn_scope_kashtan_bump#
* 1364.3 : [   1] wpn\wpn_scope_pgo7v_bump
* 1364.3 : [   1] wpn\wpn_scope_pgo7v_bump#
* 1364.3 : [   1] wpn\wpn_scope_pka_bump
* 1364.3 : [   1] wpn\wpn_scope_pka_bump#
* 1364.3 : [   1] wpn\wpn_scope_pn23_bump
* 1364.3 : [   1] wpn\wpn_scope_pn23_bump#
* 1364.3 : [   1] wpn\wpn_scope_pso1as_bump
* 1364.3 : [   1] wpn\wpn_scope_pso1as_bump#
* 1364.3 : [   1] wpn\wpn_scope_pso1sn_bump
* 1364.3 : [   1] wpn\wpn_scope_pso1sn_bump#
* 1364.3 : [   1] wpn\wpn_scope_susat_bump
* 1364.3 : [   1] wpn\wpn_scope_susat_bump#
* 1364.3 : [   1] wpn\wpn_sg550_bump
* 1364.3 : [   1] wpn\wpn_sg550_bump#
* 1364.3 : [   1] wpn\wpn_sg552_bump
* 1364.3 : [   1] wpn\wpn_sg552_bump#
* 1364.3 : [   2] wpn\wpn_stechkin_bump
* 1364.3 : [   2] wpn\wpn_stechkin_bump#
* 1364.3 : [   1] wpn\wpn_svd_bump
* 1364.3 : [   1] wpn\wpn_svd_bump#
* 1364.3 : [   1] wpn\wpn_toz34_bump
* 1364.3 : [   1] wpn\wpn_toz34_bump#
* 1364.3 : [   1] wpn\wpn_toz66_bump
* 1364.3 : [   1] wpn\wpn_toz66_bump#
* 1364.3 : [   1] wpn\wpn_val_bump
* 1364.3 : [   1] wpn\wpn_val_bump#
* 1364.3 : [   1] wpn\wpn_vintorez_bump
* 1364.3 : [   1] wpn\wpn_vintorez_bump#
* 1364.3 : [   1] wpn\wpn_winchester_bump
* 1364.3 : [   1] wpn\wpn_winchester_bump#
* 2048.1 : [   1] crosshair\crosshair_elcan
* 2048.1 : [   1] crosshair\crosshair_pgo7v
* 2048.1 : [   1] crosshair\crosshair_pso1as
* 2048.1 : [   1] crosshair\crosshair_pso1sn
* 2048.1 : [   1] intro\intro_default
* 2048.1 : [   1] ui\ui_actor_weapons
* 2048.1 : [   1] wpn\crosshairs_ui_bino
* 2048.1 : [   1] wpn\crosshairs_ui_gauss
* 2048.1 : [   1] wpn\p90_mag_bump
* 2728.7 : [   1] wpn\wpn_gauss_rifle_bump
* 2728.7 : [   1] wpn\wpn_gauss_rifle_bump#
* 2728.7 : [   1] wpn\wpn_rpg_7_bump
* 2728.7 : [   1] wpn\wpn_rpg_7_bump#
* 2728.7 : [   1] wpn\wpn_svu_bump
* 2728.7 : [   1] wpn\wpn_svu_bump#
* 4096.1 : [   1] ui\ui_actor_ingame
* 4096.1 : [   1] ui\ui_actor_lobby
* 4096.1 : [   1] ui\ui_common
* 4096.1 : [   1] ui\ui_hud
* 4096.1 : [   1] ui\ui_icon_equipment
* 4096.1 : [   1] ui\ui_ingame2_common
* 4096.1 : [   1] ui\ui_loadgame_screen
* 4096.1 : [   1] ui\ui_main_menu
* 4096.1 : [   1] ui\ui_main_menu_newspanel
* 4096.1 : [   1] ui\ui_pda2
* 4096.1 : [   1] ui\ui_pda2_noice
* 4098.0 : [   1] ui\menu_background_small
* 8192.1 : [   1] ui\ui_actor_ingame_new
* [ D3D ]: textures[471427 K]
[LOG] Got a Message from Vivox
VivoxApi::CommandHandler::~CommandHandler(329)
EventLog: saved to `C:\Users\PC\AppData\Local\Vivox\xrEngine.xml`
DestroySingleton::RefCounter: 0
DestroySingleton::RefCounter: 0
Config-file [c:\game\x-ray multiplayer extension\game\_appdata_\user.ltx] saved successfully
Destroying Direct3D...
* RM_Dump: textures  : 2
*        :   1: ui\ui_actor_ingame_new
*        :   1: ui\ui_squad_member
* RM_Dump: rtargets  : 0
* RM_Dump: vs        : 1
*        :   2: null
* RM_Dump: ps        : 1
*        :   2: null
* RM_Dump: dcl       : 0
* RM_Dump: states    : 1
* RM_Dump: tex_list  : 2
* RM_Dump: matrices  : 0
* RM_Dump: lst_constants: 0
* RM_Dump: v_passes  : 2
* RM_Dump: v_elements: 2
* RM_Dump: v_shaders : 2
refCount:pBaseZB 1
refCount:pBaseRT 1
DeviceREF: 4
